,PLAYER_ID,PRIOR_x,PRIOR_y,RAPM,RAPM_PRE_PRIOR,RAPM_Rank,Stable RAPM,Stable RAPM_PRE_PRIOR,Stable RAPM_Rank,primaryKey,playerName,Stable SPR
0,1713.0,-1.7,0.0,0.3464713414895004,0.3464713414895004,155.0,-0.5332610512999807,1.1667389487000193,197.0,1713,Vince Carter,-1.7
1,2199.0,-1.1,0.0,0.5010248553516217,0.5010248553516217,130.0,-0.6376247513144617,0.4623752486855383,209.0,2199,Tyson Chandler,-1.1
2,2544.0,4.5,0.0,2.752203708350031,2.752203708350031,6.0,5.1792035452235465,0.6792035452235465,6.0,2544,LeBron James,4.5
3,2546.0,-1.5,0.0,1.0139752229660008,1.0139752229660008,62.0,-0.12636659551641483,1.3736334044835852,159.0,2546,Carmelo Anthony,-1.5
4,2594.0,0.1,0.0,-0.3280585416456875,-0.3280585416456875,315.0,-1.3125371356882918,-1.4125371356882919,290.0,2594,Kyle Korver,0.1
5,2617.0,-2.1,0.0,-0.14178068817707007,-0.14178068817707007,269.0,-2.1926189124269473,-0.09261891242694728,400.0,2617,Udonis Haslem,-2.1
6,2730.0,-1.3,0.0,-0.11493625210234314,-0.11493625210234314,261.0,-0.8644539526221615,0.4355460473778386,235.0,2730,Dwight Howard,-1.3
7,2772.0,-1.1,0.0,-1.5505406734407223,-1.5505406734407223,445.0,-2.3978259872712675,-1.2978259872712674,415.0,2772,Trevor Ariza,-1.1
8,101107.0,-1.5,0.0,0.09150748341183132,0.09150748341183132,210.0,-0.6679562089057124,0.8320437910942876,212.0,101107,Marvin Williams,-1.5
9,101108.0,3.8,0.0,1.1972030349518468,1.1972030349518468,51.0,3.2350414744914735,-0.5649585255085263,14.0,101108,Chris Paul,3.8
10,101133.0,-0.4,0.0,0.24531499631303366,0.24531499631303366,178.0,-0.0015751412971177214,0.3984248587028823,154.0,101133,Ian Mahinmi,-0.4
11,101139.0,-1.1,0.0,-0.27272105639271543,-0.27272105639271543,301.0,-1.3326126730660288,-0.2326126730660288,292.0,101139,CJ Miles,-1.1
12,101141.0,0.1,0.0,0.6338360411953806,0.6338360411953806,108.0,0.5825489389703105,0.4825489389703105,93.0,101141,Ersan Ilyasova,0.1
13,101150.0,-1.3,0.0,-0.02987520943449841,-0.02987520943449841,240.0,-1.0106249998362122,0.28937500016378775,251.0,101150,Lou Williams,-1.3
14,200746.0,2.1,0.0,-0.6623980699787084,-0.6623980699787084,364.0,1.0372110430558446,-1.0627889569441555,72.0,200746,LaMarcus Aldridge,2.1
15,200752.0,-1.5,0.0,0.5957634724817612,0.5957634724817612,113.0,-0.39256308626089176,1.1074369137391082,182.0,200752,Rudy Gay,-1.5
16,200755.0,0.9,0.0,-0.21293974245497738,-0.21293974245497738,283.0,0.21388111395066456,-0.6861188860493355,132.0,200755,JJ Redick,0.9
17,200757.0,-1.1,0.0,-1.2975398193838759,-1.2975398193838759,423.0,-2.4484313159740076,-1.3484313159740076,422.0,200757,Thabo Sefolosha,-1.1
18,200765.0,-0.7,0.0,0.03595571153265181,0.03595571153265181,223.0,-0.7100365460905612,-0.010036546090561265,220.0,200765,Rajon Rondo,-0.7
19,200768.0,2.4,0.0,0.3158536683243631,0.3158536683243631,162.0,1.8330570255206573,-0.5669429744793426,39.0,200768,Kyle Lowry,2.4
20,200782.0,-0.1,0.0,-0.31325441792743197,-0.31325441792743197,313.0,-1.471323435093686,-1.3713234350936858,305.0,200782,P.J. Tucker,-0.1
21,200794.0,1.4,0.0,2.2695389474707195,2.2695389474707195,13.0,2.7098327323981852,1.309832732398185,20.0,200794,Paul Millsap,1.4
22,200826.0,-0.8,0.0,0.48509637914919923,0.48509637914919923,135.0,-0.32269208372593644,0.4773079162740636,176.0,200826,J.J. Barea,-0.8
23,201143.0,1.9,0.0,1.0379716792018616,1.0379716792018616,61.0,1.969188002263935,0.06918800226393511,34.0,201143,Al Horford,1.9
24,201144.0,-0.4,0.0,-0.9185357641070516,-0.9185357641070516,388.0,-1.5125041327724729,-1.1125041327724727,308.0,201144,Mike Conley,-0.4
25,201145.0,-1.5,0.0,-2.21038847221292,-2.21038847221292,465.0,-3.226889150997539,-1.726889150997539,458.0,201145,Jeff Green,-1.5
26,201152.0,-1.3,0.0,-0.05459056129013795,-0.05459056129013795,246.0,-0.7196626744073563,0.5803373255926437,221.0,201152,Thaddeus Young,-1.3
27,201158.0,-2.3,0.0,0.4978756459520996,0.4978756459520996,131.0,-1.1199796528650992,1.1800203471349007,264.0,201158,Marco Belinelli,-2.3
28,201162.0,-0.8,0.0,-1.0581666875379758,-1.0581666875379758,403.0,-1.7181293879403587,-0.9181293879403587,337.0,201162,Jared Dudley,-0.8
29,201163.0,-1.8,0.0,-1.4784848807411841,-1.4784848807411841,442.0,-2.9240021965365797,-1.1240021965365796,450.0,201163,Wilson Chandler,-1.8
30,201188.0,1.0,0.0,2.333306986049551,2.333306986049551,12.0,2.4182509492879314,1.4182509492879316,25.0,201188,Marc Gasol,1.0
31,201229.0,-1.4,0.0,-2.172657286298311,-2.172657286298311,463.0,-3.5506555318275694,-2.1506555318275695,465.0,201229,Anthony Tolliver,-1.4
32,201565.0,-2.3,0.0,0.41973966066213586,0.41973966066213586,145.0,-1.22433612739593,1.07566387260407,279.0,201565,Derrick Rose,-2.3
33,201566.0,-0.2,0.0,-0.5869650504509909,-0.5869650504509909,356.0,-1.2008285475964362,-1.0008285475964362,275.0,201566,Russell Westbrook,-0.2
34,201567.0,1.4,0.0,-1.466064837138276,-1.466064837138276,440.0,0.12782069820642183,-1.272179301793578,137.0,201567,Kevin Love,1.4
35,201568.0,2.1,0.0,-0.021307382978588554,-0.021307382978588554,236.0,0.8077371024902273,-1.2922628975097727,82.0,201568,Danilo Gallinari,2.1
36,201569.0,-2.0,0.0,-2.2561153411210593,-2.2561153411210593,466.0,-3.7563716006169456,-1.7563716006169456,471.0,201569,Eric Gordon,-2.0
37,201571.0,-1.1,0.0,0.8145965334519083,0.8145965334519083,88.0,0.021631854712586218,1.1216318547125863,150.0,201571,D.J. Augustin,-1.1
38,201572.0,1.7,0.0,0.6380618275056408,0.6380618275056408,106.0,0.41959161236962483,-1.2804083876303751,104.0,201572,Brook Lopez,1.7
39,201577.0,-1.0,0.0,-0.6440050091034463,-0.6440050091034463,363.0,-1.8560033865991277,-0.8560033865991277,349.0,201577,Robin Lopez,-1.0
40,201580.0,2.2,0.0,0.3123426240947174,0.3123426240947174,164.0,1.0819752499770405,-1.1180247500229596,69.0,201580,JaVale McGee,2.2
41,201583.0,-1.3,0.0,0.3218976201703538,0.3218976201703538,160.0,-0.9544736715238631,0.34552632847613696,246.0,201583,Ryan Anderson,-1.3
42,201584.0,-1.0,0.0,-0.11255125807384271,-0.11255125807384271,260.0,-1.0569273889580109,-0.05692738895801085,257.0,201584,Courtney Lee,-1.0
43,201586.0,-1.5,0.0,-1.2049062478767343,-1.2049062478767343,415.0,-2.6115872653195518,-1.1115872653195518,438.0,201586,Serge Ibaka,-1.5
44,201587.0,-0.8,0.0,0.18072677279669538,0.18072677279669538,194.0,-0.4483554332410322,0.3516445667589678,185.0,201587,Nicolas Batum,-0.8
45,201588.0,0.4,0.0,0.7562116607040266,0.7562116607040266,95.0,0.34421077999000993,-0.055789220009990065,108.0,201588,George Hill,0.4
46,201599.0,-0.3,0.0,-1.111656181256584,-1.111656181256584,408.0,-0.8521947042539892,-0.5521947042539892,233.0,201599,DeAndre Jordan,-0.3
47,201609.0,-1.4,0.0,-0.46543011240833176,-0.46543011240833176,332.0,-1.4680143917393882,-0.06801439173938832,303.0,201609,Goran Dragic,-1.4
48,201933.0,-1.1,0.0,-0.25439092038754546,-0.25439092038754546,297.0,-0.9315697548883559,0.16843024511164414,245.0,201933,Blake Griffin,-1.1
49,201935.0,6.8,0.0,2.7433088169238227,2.7433088169238227,7.0,6.971243201226398,0.1712432012263978,1.0,201935,James Harden,6.8
50,201937.0,1.7,0.0,1.5335062799114672,1.5335062799114672,33.0,2.1787384680091275,0.4787384680091275,29.0,201937,Ricky Rubio,1.7
51,201939.0,0.1,0.0,-0.39637236508731744,-0.39637236508731744,328.0,-0.1706957220409656,-0.2706957220409656,163.0,201939,Stephen Curry,0.1
52,201942.0,1.5,0.0,-0.6825474350370513,-0.6825474350370513,367.0,0.30901714968547545,-1.1909828503145246,119.0,201942,DeMar DeRozan,1.5
53,201949.0,-1.7,0.0,0.4906176832141626,0.4906176832141626,134.0,-1.1365644763875702,0.5634355236124298,265.0,201949,James Johnson,-1.7
54,201950.0,0.6,0.0,0.20555757292172877,0.20555757292172877,187.0,0.48025643479801294,-0.11974356520198706,102.0,201950,Jrue Holiday,0.6
55,201952.0,-0.5,0.0,0.270145846639898,0.270145846639898,173.0,-0.1959043955727629,0.3040956044272371,166.0,201952,Jeff Teague,-0.5
56,201959.0,-0.4,0.0,-1.8954485026089,-1.8954485026089,458.0,-1.879193602161036,-1.479193602161036,354.0,201959,Taj Gibson,-0.4
57,201960.0,-1.7,0.0,0.2559949158973734,0.2559949158973734,174.0,-1.1063508944831688,0.5936491055168311,262.0,201960,DeMarre Carroll,-1.7
58,201961.0,-1.3,0.0,0.31588408742201324,0.31588408742201324,161.0,-0.6834901338919492,0.6165098661080508,216.0,201961,Wayne Ellington,-1.3
59,201976.0,1.5,0.0,1.4774434259256841,1.4774434259256841,38.0,1.7507035738965138,0.2507035738965137,44.0,201976,Patrick Beverley,1.5
60,201980.0,0.2,0.0,0.9574197898683745,0.9574197898683745,72.0,-0.21664865206137246,-0.41664865206137247,167.0,201980,Danny Green,0.2
61,201988.0,-0.9,0.0,1.0739852942758163,1.0739852942758163,58.0,0.3987153595746121,1.2987153595746121,106.0,201988,Patty Mills,-0.9
62,202066.0,-0.6,0.0,-0.5844777347505663,-0.5844777347505663,354.0,-1.2222914646353629,-0.6222914646353629,278.0,202066,Garrett Temple,-0.6
63,202083.0,0.3,0.0,1.5769203451900433,1.5769203451900433,32.0,0.318972676169155,0.018972676169155003,112.0,202083,Wesley Matthews,0.3
64,202323.0,-2.7,0.0,-0.4765619637200894,-0.4765619637200894,339.0,-2.438027516483913,0.26197248351608726,420.0,202323,Evan Turner,-2.7
65,202324.0,0.5,0.0,0.1957937627890646,0.1957937627890646,190.0,0.2982589334561061,-0.20174106654389393,120.0,202324,Derrick Favors,0.5
66,202329.0,-1.3,0.0,-1.1114532209469765,-1.1114532209469765,407.0,-1.9175777622003736,-0.6175777622003734,362.0,202329,Al-Farouq Aminu,-1.3
67,202330.0,2.3,0.0,0.4257465595344769,0.4257465595344769,144.0,1.5980098215310754,-0.7019901784689244,49.0,202330,Gordon Hayward,2.3
68,202331.0,2.9,0.0,1.0115633480606094,1.0115633480606094,63.0,2.402884730957384,-0.49711526904261577,27.0,202331,Paul George,2.9
69,202334.0,-1.4,0.0,-0.9667257743697654,-0.9667257743697654,391.0,-2.1096150393260373,-0.7096150393260373,388.0,202334,Ed Davis,-1.4
70,202335.0,0.5,0.0,0.3890326564515692,0.3890326564515692,151.0,0.5548034417865374,0.05480344178653735,94.0,202335,Patrick Patterson,0.5
71,202339.0,2.5,0.0,0.6635975732044601,0.6635975732044601,104.0,0.9350150053668522,-1.5649849946331478,77.0,202339,Eric Bledsoe,2.5
72,202340.0,-2.2,0.0,-0.39530851040841625,-0.39530851040841625,326.0,-2.5789153018941033,-0.3789153018941031,435.0,202340,Avery Bradley,-2.2
73,202355.0,1.8,0.0,-0.21444768419882929,-0.21444768419882929,284.0,0.7854946281008073,-1.0145053718991928,83.0,202355,Hassan Whiteside,1.8
74,202357.0,1.4,0.0,-0.5645075456881679,-0.5645075456881679,353.0,0.32261769337626944,-1.0773823066237305,111.0,202357,Nemanja Bjelica,1.4
75,202397.0,-1.5,0.0,-0.9699836658683562,-0.9699836658683562,392.0,-2.066638767003602,-0.5666387670036022,383.0,202397,Ish Smith,-1.5
76,202681.0,3.2,0.0,-0.5230481774823968,-0.5230481774823968,348.0,1.980248424346189,-1.219751575653811,33.0,202681,Kyrie Irving,3.2
77,202683.0,-0.4,0.0,1.4865792669592046,1.4865792669592046,37.0,1.0428831895033461,1.4428831895033463,71.0,202683,Enes Kanter,-0.4
78,202684.0,0.3,0.0,0.17806410579509976,0.17806410579509976,195.0,1.1031885536800239,0.8031885536800238,68.0,202684,Tristan Thompson,0.3
79,202685.0,1.4,0.0,0.8218364055351685,0.8218364055351685,86.0,1.768369902799535,0.3683699027995351,43.0,202685,Jonas Valanciunas,1.4
80,202687.0,-0.3,0.0,-0.29992485493415166,-0.29992485493415166,306.0,-0.1139511283659953,0.1860488716340047,158.0,202687,Bismack Biyombo,-0.3
81,202688.0,-0.5,0.0,-0.3963465152577842,-0.3963465152577842,327.0,-0.8049889261612491,-0.3049889261612491,231.0,202688,Brandon Knight,-0.5
82,202689.0,3.2,0.0,1.494086616295017,1.494086616295017,36.0,2.9588894177735883,-0.24111058222641185,18.0,202689,Kemba Walker,3.2
83,202692.0,-0.5,0.0,-0.9932529561727823,-0.9932529561727823,396.0,-1.0243969382276568,-0.5243969382276567,255.0,202692,Alec Burks,-0.5
84,202693.0,-0.7,0.0,-1.8994648263638803,-1.8994648263638803,459.0,-2.4528749919840207,-1.752874991984021,424.0,202693,Markieff Morris,-0.7
85,202694.0,0.9,0.0,-0.20410416946027965,-0.20410416946027965,280.0,0.9353293106270911,0.03532931062709106,76.0,202694,Marcus Morris Sr.,0.9
86,202695.0,3.9,0.0,3.428835059553922,3.428835059553922,3.0,5.219806706746898,1.3198067067468975,5.0,202695,Kawhi Leonard,3.9
87,202696.0,2.9,0.0,1.1930510490115147,1.1930510490115147,52.0,2.9939664544027065,0.09396645440270668,17.0,202696,Nikola Vucevic,2.9
88,202697.0,-1.4,0.0,-1.3106542798250076,-1.3106542798250076,424.0,-2.4960017304458795,-1.0960017304458796,428.0,202697,Iman Shumpert,-1.4
89,202699.0,0.9,0.0,0.9439014593955966,0.9439014593955966,73.0,0.9481920386899564,0.048192038689956404,75.0,202699,Tobias Harris,0.9
90,202704.0,-1.0,0.0,0.01634930910608723,0.01634930910608723,226.0,-0.9715831565626859,0.028416843437314147,247.0,202704,Reggie Jackson,-1.0
91,202709.0,-1.6,0.0,-0.5865173184166828,-0.5865173184166828,355.0,-1.629971179515332,-0.029971179515331885,330.0,202709,Cory Joseph,-1.6
92,202710.0,4.6,0.0,2.7982221545625428,2.7982221545625428,5.0,5.293723671698215,0.6937236716982157,3.0,202710,Jimmy Butler,4.6
93,202711.0,0.2,0.0,2.0938912116569544,2.0938912116569544,16.0,1.8596656674204268,1.6596656674204269,38.0,202711,Bojan Bogdanovic,0.2
94,202718.0,-1.1,0.0,-1.3314106626850926,-1.3314106626850926,425.0,-2.3487989264917015,-1.2487989264917012,413.0,202718,Chandler Parsons,-1.1
95,202722.0,0.2,0.0,1.9551233229485487,1.9551233229485487,20.0,1.9536337258805996,1.7536337258805996,35.0,202722,Davis Bertans,0.2
96,202734.0,-1.3,0.0,0.41897973212161177,0.41897973212161177,146.0,-0.6916539151989354,0.6083460848010647,217.0,202734,ETwaun Moore,-1.3
97,202738.0,-1.2,0.0,-0.6382135406613357,-0.6382135406613357,360.0,-1.6705411826621237,-0.4705411826621238,333.0,202738,Isaiah Thomas,-1.2
98,202954.0,-1.7,0.0,0.6097893991139702,0.6097893991139702,111.0,-0.4942575893376713,1.2057424106623287,189.0,202954,Brad Wanamaker,-1.7
99,203076.0,5.2,0.0,0.5542037359606969,0.5542037359606969,122.0,3.7365123584561513,-1.4634876415438487,9.0,203076,Anthony Davis,5.2
100,203077.0,-2.6,0.0,0.9592081546673853,0.9592081546673853,71.0,-1.2807211640549723,1.3192788359450278,284.0,203077,Michael Kidd-Gilchrist,-2.6
101,203078.0,1.4,0.0,-1.3430338581038381,-1.3430338581038381,428.0,0.106753196880911,-1.293246803119089,141.0,203078,Bradley Beal,1.4
102,203081.0,3.4,0.0,1.2203940979829695,1.2203940979829695,48.0,3.5433602262450874,0.14336022624508765,10.0,203081,Damian Lillard,3.4
103,203082.0,-1.7,0.0,-1.0509781999409564,-1.0509781999409564,402.0,-1.9858256509217032,-0.28582565092170326,376.0,203082,Terrence Ross,-1.7
104,203083.0,1.7,0.0,0.018803808938137285,0.018803808938137285,225.0,1.3062807387886015,-0.39371926121139855,60.0,203083,Andre Drummond,1.7
105,203084.0,0.0,0.0,0.3369394715025821,0.3369394715025821,158.0,0.6779530509031949,0.6779530509031949,88.0,203084,Harrison Barnes,0.0
106,203085.0,-1.6,0.0,0.00026507286960948315,0.00026507286960948315,232.0,-1.3694708781603697,0.23052912183963029,297.0,203085,Austin Rivers,-1.6
107,203086.0,-0.5,0.0,-0.1262169619866158,-0.1262169619866158,264.0,-1.0088397510966618,-0.5088397510966619,250.0,203086,Meyers Leonard,-0.5
108,203087.0,1.3,0.0,0.11848310231180237,0.11848310231180237,205.0,0.5135880278106676,-0.7864119721893325,97.0,203087,Jeremy Lamb,1.3
109,203089.0,-0.6,0.0,0.6135777150253386,0.6135777150253386,110.0,0.2887038720099441,0.888703872009944,122.0,203089,John Henson,-0.6
110,203090.0,0.4,0.0,-1.615938178235657,-1.615938178235657,448.0,-1.9666985719423749,-2.3666985719423748,370.0,203090,Maurice Harkless,0.4
111,203095.0,1.4,0.0,-0.03539365159800213,-0.03539365159800213,241.0,0.7132235595896289,-0.686776440410371,86.0,203095,Evan Fournier,1.4
112,203107.0,1.0,0.0,0.7240466067623181,0.7240466067623181,99.0,1.622461471375622,0.6224614713756219,48.0,203107,Tomas Satoransky,1.0
113,203109.0,-0.2,0.0,-0.7912315793354318,-0.7912315793354318,377.0,-0.5555277645353789,-0.3555277645353789,198.0,203109,Jae Crowder,-0.2
114,203110.0,1.0,0.0,-0.4958763759432287,-0.4958763759432287,342.0,0.009949254952388853,-0.9900507450476111,152.0,203110,Draymond Green,1.0
115,203114.0,2.4,0.0,2.0447823404669685,2.0447823404669685,19.0,2.7487070636812643,0.34870706368126453,19.0,203114,Khris Middleton,2.4
116,203115.0,0.4,0.0,1.4402963935803903,1.4402963935803903,42.0,1.1467358887476682,0.7467358887476682,66.0,203115,Will Barton,0.4
117,203118.0,-1.6,0.0,1.5312775674099774,1.5312775674099774,34.0,0.3292132790214466,1.9292132790214467,110.0,203118,Mike Scott,-1.6
118,203124.0,-0.8,0.0,-1.8699037654077162,-1.8699037654077162,457.0,-2.2389865661600856,-1.4389865661600858,403.0,203124,Kyle OQuinn,-0.8
119,203145.0,-1.8,0.0,-0.7404012598822692,-0.7404012598822692,369.0,-1.8909700071394058,-0.09097000713940574,358.0,203145,Kent Bazemore,-1.8
120,203200.0,-0.8,0.0,0.2708020548333372,0.2708020548333372,172.0,-0.15483640094513695,0.6451635990548631,162.0,203200,Justin Holiday,-0.8
121,203210.0,-0.4,0.0,0.2241262787520671,0.2241262787520671,183.0,0.05571466738099601,0.45571466738099603,147.0,203210,JaMychal Green,-0.4
122,203382.0,1.0,0.0,0.08127937710296772,0.08127937710296772,213.0,0.4846819103738981,-0.5153180896261019,100.0,203382,Aron Baynes,1.0
123,203457.0,0.0,0.0,-0.4750601891279801,-0.4750601891279801,338.0,0.10883402151982542,0.10883402151982542,140.0,203457,Nerlens Noel,0.0
124,203458.0,-0.7,0.0,-1.1603091456622423,-1.1603091456622423,412.0,-1.1445570411576182,-0.4445570411576183,267.0,203458,Alex Len,-0.7
125,203459.0,-1.6,0.0,-2.031603986776827,-2.031603986776827,460.0,-3.1020132725044594,-1.502013272504459,455.0,203459,Allen Crabbe,-1.6
126,203463.0,-0.6,0.0,2.6316338406144717,2.6316338406144717,8.0,1.6997783296200581,2.2997783296200582,46.0,203463,Ben McLemore,-0.6
127,203468.0,0.3,0.0,1.511124865828154,1.511124865828154,35.0,1.7893328452655763,1.4893328452655763,42.0,203468,CJ McCollum,0.3
128,203469.0,-0.2,0.0,-1.5454279883363127,-1.5454279883363127,444.0,-1.1863160680041154,-0.9863160680041154,272.0,203469,Cody Zeller,-0.2
129,203471.0,-2.5,0.0,1.9439533077445563,1.9439533077445563,21.0,0.22352437456417684,2.723524374564177,131.0,203471,Dennis Schroder,-2.5
130,203473.0,-2.2,0.0,-0.7437830916957473,-0.7437830916957473,370.0,-2.0906678070533014,0.10933219294669888,386.0,203473,Dewayne Dedmon,-2.2
131,203476.0,0.3,0.0,-1.4029313322620898,-1.4029313322620898,436.0,-0.4585769388067999,-0.7585769388067999,187.0,203476,Gorgui Dieng,0.3
132,203482.0,-0.8,0.0,-0.3532485674177954,-0.3532485674177954,317.0,-0.9726883995758617,-0.17268839957586163,248.0,203482,Kelly Olynyk,-0.8
133,203484.0,-0.4,0.0,0.07960784879449334,0.07960784879449334,215.0,-1.2915396806877577,-0.8915396806877577,285.0,203484,Kentavious Caldwell-Pope,-0.4
134,203486.0,-0.6,0.0,0.5806273430994316,0.5806273430994316,117.0,1.0497980297108516,1.6497980297108517,70.0,203486,Mason Plumlee,-0.6
135,203487.0,-0.9,0.0,0.09574883106585215,0.09574883106585215,209.0,-0.49641643920764333,0.4035835607923567,190.0,203487,Michael Carter-Williams,-0.9
136,203488.0,-0.9,0.0,-0.34523881749929813,-0.34523881749929813,316.0,-0.8798512008763815,0.02014879912361858,238.0,203488,Mike Muscala,-0.9
137,203490.0,0.1,0.0,0.2846357261369272,0.2846357261369272,171.0,0.3136572456295029,0.21365724562950295,114.0,203490,Otto Porter Jr.,0.1
138,203496.0,0.5,0.0,-0.468763791290659,-0.468763791290659,334.0,-0.3239981432372341,-0.8239981432372341,177.0,203496,Robert Covington,0.5
139,203497.0,2.0,0.0,0.49091721852435083,0.49091721852435083,133.0,1.5891170894205795,-0.41088291057942056,50.0,203497,Rudy Gobert,2.0
140,203500.0,2.5,0.0,0.5759390290839562,0.5759390290839562,120.0,2.0213734767749014,-0.4786265232250984,32.0,203500,Steven Adams,2.5
141,203501.0,0.1,0.0,0.8297845763847214,0.8297845763847214,83.0,0.1596372690677758,0.05963726906777579,136.0,203501,Tim Hardaway Jr.,0.1
142,203503.0,0.0,0.0,-1.6899558668222054,-1.6899558668222054,452.0,-1.4456147695306383,-1.4456147695306383,300.0,203503,Tony Snell,0.0
143,203504.0,-1.7,0.0,0.9643480288783766,0.9643480288783766,70.0,-0.4970700564055315,1.2029299435944685,191.0,203504,Trey Burke,-1.7
144,203507.0,7.6,0.0,2.2611984321182157,2.2611984321182157,14.0,5.5642814654425266,-2.0357185345574726,2.0,203507,Giannis Antetokounmpo,7.6
145,203516.0,-1.1,0.0,0.387120632781819,0.387120632781819,152.0,-0.584789203101759,0.5152107968982411,202.0,203516,James Ennis III,-1.1
146,203521.0,-1.0,0.0,0.4749407318752869,0.4749407318752869,138.0,-0.6599472449314826,0.3400527550685174,211.0,203521,Matthew Dellavedova,-1.0
147,203524.0,-0.5,0.0,0.40555021145217257,0.40555021145217257,149.0,0.11210340232087213,0.6121034023208721,139.0,203524,Solomon Hill,-0.5
148,203526.0,-1.9,0.0,-0.5239227088004007,-0.5239227088004007,349.0,-1.9263393083177143,-0.026339308317714454,365.0,203526,Raul Neto,-1.9
149,203552.0,-0.3,0.0,0.44574092776458796,0.44574092776458796,142.0,-0.23533408991850174,0.06466591008149826,171.0,203552,Seth Curry,-0.3
150,203584.0,-1.4,0.0,-0.13268818341968125,-0.13268818341968125,265.0,-1.2583403450500823,0.1416596549499175,281.0,203584,Troy Daniels,-1.4
151,203585.0,-1.0,0.0,0.7162718089138046,0.7162718089138046,101.0,-0.03527079038693581,0.9647292096130642,155.0,203585,Rodney McGruder,-1.0
152,203648.0,-1.0,0.0,-0.4908596826897681,-0.4908596826897681,341.0,-1.5058730148881136,-0.5058730148881138,306.0,203648,Thanasis Antetokounmpo,-1.0
153,203658.0,-2.3,0.0,-0.668569316044706,-0.668569316044706,366.0,-2.715910393172616,-0.4159103931726159,442.0,203658,Norvel Pelle,-2.3
154,203705.0,-2.4,0.0,-0.15797135382237545,-0.15797135382237545,274.0,-2.4980414127779755,-0.09804141277797575,429.0,203705,Josh Magette,-2.4
155,203894.0,-0.6,0.0,-0.31466100203733277,-0.31466100203733277,314.0,-0.680498463224702,-0.08049846322470201,215.0,203894,Shabazz Napier,-0.6
156,203895.0,-1.5,0.0,-0.3624521754227472,-0.3624521754227472,321.0,-1.6275174719577876,-0.12751747195778762,328.0,203895,Jordan McRae,-1.5
157,203897.0,0.1,0.0,-1.4393625152547587,-1.4393625152547587,438.0,-1.1999854447127711,-1.2999854447127712,274.0,203897,Zach LaVine,0.1
158,203901.0,-0.2,0.0,0.624276162035376,0.624276162035376,109.0,0.3122462854692371,0.5122462854692371,116.0,203901,Elfrid Payton,-0.2
159,203903.0,-0.7,0.0,-0.06047294941602795,-0.06047294941602795,251.0,-0.5709706528666527,0.1290293471333473,200.0,203903,Jordan Clarkson,-0.7
160,203914.0,-0.3,0.0,0.4175366558816944,0.4175366558816944,147.0,-0.514918868505805,-0.21491886850580508,195.0,203914,Gary Harris,-0.3
161,203915.0,0.2,0.0,0.5783311788967875,0.5783311788967875,119.0,0.7155004865038412,0.5155004865038413,85.0,203915,Spencer Dinwiddie,0.2
162,203918.0,0.1,0.0,0.45357787606451927,0.45357787606451927,140.0,0.3110880932065593,0.21108809320655927,118.0,203918,Rodney Hood,0.1
163,203920.0,-1.0,0.0,-2.2867039357946033,-2.2867039357946033,468.0,-2.602066469922561,-1.602066469922561,436.0,203920,Khem Birch,-1.0
164,203922.0,0.0,0.0,-1.4781813969096804,-1.4781813969096804,441.0,-1.0911962054476307,-1.0911962054476307,261.0,203922,Glenn Robinson III,0.0
165,203924.0,-2.0,0.0,-1.7645161234033306,-1.7645161234033306,455.0,-2.7895792326635793,-0.7895792326635794,443.0,203924,Jerami Grant,-2.0
166,203925.0,0.6,0.0,0.16151539079736976,0.16151539079736976,199.0,0.41279809006475765,-0.1872019099352423,105.0,203925,Joe Harris,0.6
167,203926.0,-1.4,0.0,-0.2123495032255819,-0.2123495032255819,282.0,-1.0855410323540298,0.31445896764597026,259.0,203926,Doug McDermott,-1.4
168,203932.0,-0.4,0.0,-0.6423073992167033,-0.6423073992167033,362.0,-0.9038710667419686,-0.5038710667419686,243.0,203932,Aaron Gordon,-0.4
169,203933.0,0.6,0.0,0.24456987053272397,0.24456987053272397,179.0,0.11240377993863537,-0.4875962200613646,138.0,203933,T.J. Warren,0.6
170,203935.0,0.5,0.0,-0.305141987700272,-0.305141987700272,308.0,-0.3894090587969389,-0.8894090587969389,181.0,203935,Marcus Smart,0.5
171,203937.0,-1.0,0.0,-1.358493597234079,-1.358493597234079,431.0,-2.039096404285891,-1.0390964042858906,380.0,203937,Kyle Anderson,-1.0
172,203939.0,1.5,0.0,2.056116503750191,2.056116503750191,18.0,2.4058733313877783,0.9058733313877781,26.0,203939,Dwight Powell,1.5
173,203943.0,-1.1,0.0,-0.5311143255913275,-0.5311143255913275,350.0,-0.8906611887329087,0.20933881126709145,240.0,203943,Noah Vonleh,-1.1
174,203944.0,-0.1,0.0,0.840618101053861,0.840618101053861,80.0,1.54258875381286,1.64258875381286,52.0,203944,Julius Randle,-0.1
175,203952.0,0.3,0.0,0.4927714466676274,0.4927714466676274,132.0,0.7062054794414868,0.4062054794414868,87.0,203952,Andrew Wiggins,0.3
176,203953.0,0.0,0.0,0.9834945644257411,0.9834945644257411,67.0,1.3600908084929342,1.3600908084929342,59.0,203953,Jabari Parker,0.0
177,203954.0,3.3,0.0,1.26266767991435,1.26266767991435,47.0,3.272078905546944,-0.027921094453055826,12.0,203954,Joel Embiid,3.3
178,203957.0,-1.8,0.0,-0.8168587669792678,-0.8168587669792678,380.0,-2.4545882642843657,-0.6545882642843657,425.0,203957,Dante Exum,-1.8
179,203960.0,-1.3,0.0,-0.6344175454804017,-0.6344175454804017,359.0,-1.5704635115403105,-0.2704635115403105,317.0,203960,JaKarr Sampson,-1.3
180,203967.0,0.1,0.0,0.3036917650063459,0.3036917650063459,167.0,0.31345105571091497,0.21345105571091497,115.0,203967,Dario Saric,0.1
181,203991.0,1.0,0.0,0.2865203982537976,0.2865203982537976,169.0,0.16440253904800683,-0.8355974609519932,135.0,203991,Clint Capela,1.0
182,203992.0,-1.0,0.0,-0.3591167614639639,-0.3591167614639639,319.0,-0.8567012600048124,0.14329873999518758,234.0,203992,Bogdan Bogdanovic,-1.0
183,203998.0,-1.0,0.0,-0.02823804102381853,-0.02823804102381853,239.0,-0.7000411342668944,0.29995886573310565,219.0,203998,Bruno Caboclo,-1.0
184,203999.0,4.1,0.0,1.0989924630125862,1.0989924630125862,54.0,3.9652546568922826,-0.13474534310771724,8.0,203999,Nikola Jokic,4.1
185,204001.0,0.4,0.0,0.5450728750048593,0.5450728750048593,125.0,0.008340700265449641,-0.3916592997345504,153.0,204001,Kristaps Porzingis,0.4
186,204020.0,-1.8,0.0,-1.5640567945111565,-1.5640567945111565,446.0,-2.950896367034183,-1.150896367034183,452.0,204020,Tyler Johnson,-1.8
187,204025.0,-0.8,0.0,-0.18936980208273194,-0.18936980208273194,276.0,-0.8731075208778263,-0.07310752087782629,237.0,204025,Tim Frazier,-0.8
188,204038.0,-0.6,0.0,-0.30745445309494357,-0.30745445309494357,310.0,-0.6275469004538232,-0.027546900453823218,207.0,204038,Langston Galloway,-0.6
189,204060.0,0.3,0.0,0.7178978956369447,0.7178978956369447,100.0,0.5937622592242022,0.2937622592242022,91.0,204060,Joe Ingles,0.3
190,204456.0,-2.0,0.0,-0.2219967563401454,-0.2219967563401454,288.0,-1.6199852130177796,0.38001478698222024,326.0,204456,T.J. McConnell,-2.0
191,1626143.0,-1.1,0.0,-0.9834800460213338,-0.9834800460213338,394.0,-1.8684262729938454,-0.7684262729938454,351.0,1626143,Jahlil Okafor,-1.1
192,1626144.0,-2.2,0.0,-0.5436131734678655,-0.5436131734678655,351.0,-2.3006290835434426,-0.10062908354344256,406.0,1626144,Emmanuel Mudiay,-2.2
193,1626145.0,-1.4,0.0,-0.36016372322262147,-0.36016372322262147,320.0,-1.09065967319516,0.30934032680483975,260.0,1626145,Tyus Jones,-1.4
194,1626149.0,-1.1,0.0,2.5630746259901294,2.5630746259901294,9.0,1.9215295740265823,3.0215295740265824,36.0,1626149,Montrezl Harrell,-1.1
195,1626153.0,0.4,0.0,0.439264752379467,0.439264752379467,143.0,0.3813577070919421,-0.018642292908057904,107.0,1626153,Delon Wright,0.4
196,1626156.0,0.9,0.0,-0.8478001332058922,-0.8478001332058922,382.0,-0.2529699302675391,-1.1529699302675391,172.0,1626156,DAngelo Russell,0.9
197,1626157.0,5.5,0.0,1.202300533664089,1.202300533664089,50.0,5.287425553253632,-0.21257444674636797,4.0,1626157,Karl-Anthony Towns,5.5
198,1626158.0,2.1,0.0,1.8225045370463084,1.8225045370463084,23.0,3.1307986324966337,1.0307986324966336,15.0,1626158,Richaun Holmes,2.1
199,1626159.0,-2.1,0.0,1.216618702097245,1.216618702097245,49.0,0.09785949468916222,2.1978594946891623,142.0,1626159,Justise Winslow,-2.1
200,1626161.0,1.3,0.0,0.36245914036652677,0.36245914036652677,153.0,1.4413607873084282,0.14136078730842824,54.0,1626161,Willie Cauley-Stein,1.3
201,1626162.0,0.9,0.0,-0.48002191343412887,-0.48002191343412887,340.0,0.027850977862885262,-0.8721490221371148,149.0,1626162,Kelly Oubre Jr.,0.9
202,1626163.0,-0.4,0.0,-0.9108451917792851,-0.9108451917792851,385.0,-1.2958196287713883,-0.8958196287713883,286.0,1626163,Frank Kaminsky,-0.4
203,1626164.0,1.0,0.0,0.24585420005986794,0.24585420005986794,177.0,0.8630192655318246,-0.13698073446817535,79.0,1626164,Devin Booker,1.0
204,1626167.0,0.7,0.0,-0.2720154905378584,-0.2720154905378584,300.0,-0.36319770763257564,-1.0631977076325756,179.0,1626167,Myles Turner,0.7
205,1626168.0,-0.5,0.0,0.21570944625937047,0.21570944625937047,185.0,-0.4671383082321681,0.032861691767831894,188.0,1626168,Trey Lyles,-0.5
206,1626169.0,-1.8,0.0,-0.1946022166477563,-0.1946022166477563,278.0,-1.997853231449231,-0.19785323144923092,378.0,1626169,Stanley Johnson,-1.8
207,1626171.0,-1.4,0.0,-1.342100902797469,-1.342100902797469,427.0,-1.991682768396954,-0.5916827683969542,377.0,1626171,Bobby Portis,-1.4
208,1626172.0,-2.3,0.0,-1.6666859719627751,-1.6666859719627751,450.0,-3.6363735082238104,-1.3363735082238104,469.0,1626172,Kevon Looney,-2.3
209,1626174.0,-1.4,0.0,2.447251828463376,2.447251828463376,10.0,1.4044880273770888,2.8044880273770887,55.0,1626174,Christian Wood,-1.4
210,1626178.0,-0.8,0.0,-0.06666661294830545,-0.06666661294830545,254.0,-0.9302312506297963,-0.13023125062979624,244.0,1626178,Rondae Hollis-Jefferson,-0.8
211,1626179.0,-0.7,0.0,-1.5019565091951665,-1.5019565091951665,443.0,-1.1917714476364132,-0.49177144763641323,273.0,1626179,Terry Rozier,-0.7
212,1626181.0,0.1,0.0,-0.8116603503370389,-0.8116603503370389,378.0,-1.2115508818531435,-1.3115508818531436,276.0,1626181,Norman Powell,0.1
213,1626188.0,-2.4,0.0,0.7384877987805011,0.7384877987805011,97.0,-1.118858812416036,1.281141187583964,263.0,1626188,Quinn Cook,-2.4
214,1626192.0,-0.7,0.0,0.45540785552897073,0.45540785552897073,139.0,-0.7877075702862121,-0.08770757028621215,229.0,1626192,Pat Connaughton,-0.7
215,1626195.0,-1.9,0.0,-0.9520641470440556,-0.9520641470440556,390.0,-2.645490787001849,-0.7454907870018495,439.0,1626195,Willy Hernangomez,-1.9
216,1626196.0,-0.4,0.0,0.3137533796054211,0.3137533796054211,163.0,-0.5706382239040692,-0.17063822390406916,199.0,1626196,Josh Richardson,-0.4
217,1626203.0,-2.2,0.0,-1.5972698866100226,-1.5972698866100226,447.0,-3.480774535411217,-1.2807745354112166,464.0,1626203,Treveon Graham,-2.2
218,1626204.0,-0.2,0.0,-0.24150087943797113,-0.24150087943797113,292.0,-0.13829244871766685,0.061707551282333156,161.0,1626204,Larry Nance Jr.,-0.2
219,1626209.0,-2.2,0.0,-0.7440427958663309,-0.7440427958663309,371.0,-2.2394058912718093,-0.039405891271809136,404.0,1626209,Mario Hezonja,-2.2
220,1626220.0,0.6,0.0,1.7265777389186179,1.7265777389186179,24.0,1.9174239540745757,1.3174239540745758,37.0,1626220,Royce ONeale,0.6
221,1626224.0,-0.1,0.0,1.0652318908914653,1.0652318908914653,60.0,1.4826364120145774,1.5826364120145775,53.0,1626224,Cedi Osman,-0.1
222,1626246.0,-2.1,0.0,1.4413209127704538,1.4413209127704538,41.0,-0.5024754609566711,1.597524539043329,193.0,1626246,Boban Marjanovic,-2.1
223,1626259.0,-0.9,0.0,1.0828598943876362,1.0828598943876362,56.0,0.05357332202980436,0.9535733220298044,148.0,1626259,Malcolm Miller,-0.9
224,1627732.0,2.4,0.0,0.48282576972531616,0.48282576972531616,136.0,1.668942203995261,-0.7310577960047389,47.0,1627732,Ben Simmons,2.4
225,1627733.0,-0.8,0.0,0.5842301019026661,0.5842301019026661,115.0,-0.22828259532141015,0.5717174046785899,168.0,1627733,Dragan Bender,-0.8
226,1627734.0,1.8,0.0,2.058159826046352,2.058159826046352,17.0,3.1206236436840618,1.3206236436840617,16.0,1627734,Domantas Sabonis,1.8
227,1627736.0,-1.8,0.0,0.47657681779982164,0.47657681779982164,137.0,-0.7615511893393985,1.0384488106606016,226.0,1627736,Malik Beasley,-1.8
228,1627737.0,-1.1,0.0,-0.9953577079918576,-0.9953577079918576,397.0,-1.308736779402978,-0.20873677940297794,288.0,1627737,Marquese Chriss,-1.1
229,1627739.0,-0.3,0.0,0.4484587801425528,0.4484587801425528,141.0,0.4742439480028274,0.7742439480028274,103.0,1627739,Kris Dunn,-0.3
230,1627740.0,-1.3,0.0,0.4020086324645192,0.4020086324645192,150.0,-0.8818133632635987,0.4181866367364014,239.0,1627740,Henry Ellenson,-1.3
231,1627741.0,-0.6,0.0,-0.22100602324512664,-0.22100602324512664,287.0,-0.5006113523788485,0.09938864762115152,192.0,1627741,Buddy Hield,-0.6
232,1627742.0,2.5,0.0,-0.14544725578241205,-0.14544725578241205,271.0,1.3762829533517087,-1.1237170466482913,58.0,1627742,Brandon Ingram,2.5
233,1627745.0,0.2,0.0,-1.6728578365134352,-1.6728578365134352,451.0,-1.361196318173955,-1.561196318173955,294.0,1627745,Damian Jones,0.2
234,1627746.0,-1.3,0.0,1.4745210392291852,1.4745210392291852,39.0,0.7747277573012992,2.074727757301299,84.0,1627746,Skal Labissiere,-1.3
235,1627747.0,-2.2,0.0,0.0809632379080568,0.0809632379080568,214.0,-1.9064406088914096,0.2935593911085904,359.0,1627747,Caris LeVert,-2.2
236,1627748.0,-1.0,0.0,-1.337195065434981,-1.337195065434981,426.0,-1.9737910825411387,-0.9737910825411388,373.0,1627748,Thon Maker,-1.0
237,1627749.0,0.8,0.0,-0.20261955577541016,-0.20261955577541016,279.0,0.2810457150377206,-0.5189542849622795,123.0,1627749,Dejounte Murray,0.8
238,1627750.0,0.7,0.0,0.8184312285312938,0.8184312285312938,87.0,0.5843188998158837,-0.11568110018411631,92.0,1627750,Jamal Murray,0.7
239,1627751.0,0.0,0.0,1.6772785455800978,1.6772785455800978,27.0,2.0813979653589203,2.0813979653589203,31.0,1627751,Jakob Poeltl,0.0
240,1627752.0,-1.5,0.0,1.0709246185151482,1.0709246185151482,59.0,-0.31898367887960477,1.1810163211203952,175.0,1627752,Taurean Prince,-1.5
241,1627756.0,-0.9,0.0,0.6735979197121055,0.6735979197121055,103.0,0.07698472634821696,0.976984726348217,145.0,1627756,Denzel Valentine,-0.9
242,1627759.0,2.0,0.0,-0.46807322011673996,-0.46807322011673996,333.0,0.2261249597142556,-1.7738750402857444,130.0,1627759,Jaylen Brown,2.0
243,1627761.0,-1.4,0.0,-2.1893904101963413,-2.1893904101963413,464.0,-2.921005661669171,-1.5210056616691712,449.0,1627761,DeAndre Bembry,-1.4
244,1627763.0,1.8,0.0,0.32396904355980244,0.32396904355980244,159.0,1.25006737308901,-0.54993262691099,62.0,1627763,Malcolm Brogdon,1.8
245,1627767.0,-2.3,0.0,0.006370764860105711,0.006370764860105711,230.0,-1.8556086734248005,0.4443913265751993,348.0,1627767,Cheick Diallo,-2.3
246,1627774.0,-1.9,0.0,1.0802046280420274,1.0802046280420274,57.0,-0.5064296566143551,1.3935703433856448,194.0,1627774,Jake Layman,-1.9
247,1627775.0,-1.0,0.0,-1.277889152292563,-1.277889152292563,422.0,-2.1821861133575506,-1.1821861133575509,399.0,1627775,Patrick McCaw,-1.0
248,1627777.0,-1.1,0.0,-2.7299964529612697,-2.7299964529612697,471.0,-3.6418934740228885,-2.5418934740228885,470.0,1627777,Georges Niang,-1.1
249,1627780.0,0.3,0.0,0.05434115801092377,0.05434115801092377,221.0,0.4926919803220721,0.19269198032207213,99.0,1627780,Gary Payton II,0.3
250,1627783.0,1.5,0.0,1.8362034435779853,1.8362034435779853,22.0,2.4389155573809327,0.9389155573809328,23.0,1627783,Pascal Siakam,1.5
251,1627788.0,-1.6,0.0,0.7389954751118145,0.7389954751118145,96.0,-0.6370350976308672,0.9629649023691329,208.0,1627788,Furkan Korkmaz,-1.6
252,1627789.0,-1.6,0.0,-0.3067158821593569,-0.3067158821593569,309.0,-1.5333171134432753,0.06668288655672491,310.0,1627789,Timothe Luwawu-Cabarrot,-1.6
253,1627790.0,0.0,0.0,0.010374242451801758,0.010374242451801758,229.0,-0.05375180159627441,-0.05375180159627441,156.0,1627790,Ante Zizic,0.0
254,1627812.0,-2.3,0.0,-0.30991050130273623,-0.30991050130273623,311.0,-1.9146595786541,0.38534042134589963,361.0,1627812,Yogi Ferrell,-2.3
255,1627814.0,-1.1,0.0,1.346932616866143,1.346932616866143,46.0,0.5035295557343984,1.6035295557343985,98.0,1627814,Damion Lee,-1.1
256,1627820.0,-2.3,0.0,-0.05786420508014227,-0.05786420508014227,249.0,-1.8512939925391518,0.44870600746084793,346.0,1627820,Tyrone Wallace,-2.3
257,1627823.0,-1.6,0.0,0.7760392344423617,0.7760392344423617,91.0,-0.3617487824231247,1.2382512175768754,178.0,1627823,Juancho Hernangomez,-1.6
258,1627826.0,2.3,0.0,0.41701213961968464,0.41701213961968464,148.0,1.2134362244402277,-1.0865637755597721,63.0,1627826,Ivica Zubac,2.3
259,1627827.0,0.4,0.0,1.1833158483336241,1.1833158483336241,53.0,0.8380416911982771,0.438041691198277,80.0,1627827,Dorian Finney-Smith,0.4
260,1627832.0,1.9,0.0,0.1857231698382804,0.1857231698382804,193.0,1.305397554908375,-0.594602445091625,61.0,1627832,Fred VanVleet,1.9
261,1627846.0,-1.7,0.0,-0.7254072193346265,-0.7254072193346265,368.0,-2.0518965093861397,-0.3518965093861399,382.0,1627846,Abdel Nader,-1.7
262,1627853.0,-1.6,0.0,-0.04291139930374466,-0.04291139930374466,242.0,-0.8701628953375606,0.7298371046624395,236.0,1627853,Ryan Arcidiacono,-1.6
263,1627854.0,-0.8,0.0,-1.388409777549543,-1.388409777549543,435.0,-2.1203159856351146,-1.3203159856351148,391.0,1627854,Bryn Forbes,-0.8
264,1627863.0,0.2,0.0,0.8130410752496267,0.8130410752496267,89.0,0.2525027746759094,0.0525027746759094,125.0,1627863,Danuel House Jr.,0.2
265,1627884.0,-1.6,0.0,-0.05570818773221262,-0.05570818773221262,248.0,-1.2981171359063632,0.3018828640936368,287.0,1627884,Derrick Jones Jr.,-1.6
266,1627885.0,-1.1,0.0,1.4296250694606714,1.4296250694606714,43.0,0.5496901425124123,1.6496901425124124,95.0,1627885,Shaquille Harrison,-1.1
267,1627936.0,-1.4,0.0,2.2556568527293024,2.2556568527293024,15.0,1.2134347588213212,2.613434758821321,64.0,1627936,Alex Caruso,-1.4
268,1627982.0,-2.3,0.0,-0.30231992381318307,-0.30231992381318307,307.0,-2.4766648101385758,-0.1766648101385759,427.0,1627982,Josh Gray,-2.3
269,1628021.0,-1.3,0.0,1.7221813103681936,1.7221813103681936,25.0,0.6749204190773546,1.9749204190773546,89.0,1628021,David Nwaba,-1.3
270,1628035.0,-1.5,0.0,-0.20905238286995792,-0.20905238286995792,281.0,-1.4644277241466697,0.03557227585333032,302.0,1628035,Alfonzo McKinnie,-1.5
271,1628365.0,-0.8,0.0,0.20326726273693335,0.20326726273693335,188.0,-0.6939459908750546,0.10605400912494542,218.0,1628365,Markelle Fultz,-0.8
272,1628366.0,-0.8,0.0,-0.5049782349548313,-0.5049782349548313,343.0,-1.3293962989477932,-0.5293962989477933,291.0,1628366,Lonzo Ball,-0.8
273,1628368.0,1.1,0.0,-0.7702785841429433,-0.7702785841429433,375.0,-0.19471779628722263,-1.2947177962872227,165.0,1628368,DeAaron Fox,1.1
274,1628369.0,1.0,0.0,3.532463618291307,3.532463618291307,2.0,3.4976285455476743,2.4976285455476743,11.0,1628369,Jayson Tatum,1.0
275,1628370.0,-2.4,0.0,-0.6654505034676712,-0.6654505034676712,365.0,-2.396854083082664,0.003145916917335901,414.0,1628370,Malik Monk,-2.4
276,1628371.0,1.5,0.0,1.6513152872310728,1.6513152872310728,30.0,2.6034080646681965,1.1034080646681965,21.0,1628371,Jonathan Isaac,1.5
277,1628372.0,-2.0,0.0,-1.857097558891513,-1.857097558891513,456.0,-3.1517968364007283,-1.151796836400728,457.0,1628372,Dennis Smith Jr.,-2.0
278,1628373.0,-0.5,0.0,0.1888835385519371,0.1888835385519371,191.0,-0.13672340134289174,0.36327659865710826,160.0,1628373,Frank Ntilikina,-0.5
279,1628374.0,0.0,0.0,-0.6041516576247329,-0.6041516576247329,357.0,-0.4562595940759206,-0.4562595940759206,186.0,1628374,Lauri Markkanen,0.0
280,1628378.0,1.4,0.0,0.83463584378779,0.83463584378779,81.0,1.8080953454903774,0.40809534549037757,40.0,1628378,Donovan Mitchell,1.4
281,1628379.0,0.8,0.0,0.5063591432000575,0.5063591432000575,129.0,0.9872304339318588,0.18723043393185876,73.0,1628379,Luke Kennard,0.8
282,1628380.0,-1.3,0.0,0.758183372456769,0.758183372456769,94.0,-0.5293707409625973,0.7706292590374028,196.0,1628380,Zach Collins,-1.3
283,1628381.0,1.0,0.0,0.002909119507979832,0.002909119507979832,231.0,1.1515496933741654,0.15154969337416543,65.0,1628381,John Collins,1.0
284,1628382.0,-1.5,0.0,-0.5082584763677178,-0.5082584763677178,345.0,-1.9503507387187597,-0.45035073871875986,367.0,1628382,Justin Jackson,-1.5
285,1628383.0,-1.8,0.0,-0.08149459524393739,-0.08149459524393739,255.0,-1.861675234675883,-0.061675234675882804,350.0,1628383,Justin Patton,-1.8
286,1628384.0,0.2,0.0,1.4117951422067956,1.4117951422067956,44.0,0.9502203561784699,0.7502203561784698,74.0,1628384,OG Anunoby,0.2
287,1628385.0,-2.7,0.0,-0.363904266748244,-0.363904266748244,322.0,-2.855281926913195,-0.15528192691319484,446.0,1628385,Harry Giles III,-2.7
288,1628386.0,2.3,0.0,0.6004815311333013,0.6004815311333013,112.0,2.426301697772506,0.12630169777250627,24.0,1628386,Jarrett Allen,2.3
289,1628388.0,-1.6,0.0,0.12520643514099492,0.12520643514099492,204.0,-1.2156544231253315,0.3843455768746685,277.0,1628388,TJ Leaf,-1.6
290,1628389.0,2.6,0.0,1.0026704655403413,1.0026704655403413,64.0,2.509261025942545,-0.09073897405745522,22.0,1628389,Bam Adebayo,2.6
291,1628390.0,-2.1,0.0,-1.1870351036202518,-1.1870351036202518,414.0,-3.00617159779719,-0.90617159779719,453.0,1628390,Terrance Ferguson,-2.1
292,1628391.0,-1.1,0.0,-1.2316332002890835,-1.2316332002890835,421.0,-2.141633737763727,-1.041633737763727,394.0,1628391,D.J. Wilson,-1.1
293,1628392.0,-1.3,0.0,0.30492959145499005,0.30492959145499005,166.0,-0.8923053031270658,0.40769469687293425,241.0,1628392,Isaiah Hartenstein,-1.3
294,1628394.0,-2.2,0.0,-0.2576927658725739,-0.2576927658725739,298.0,-2.112732050759775,0.08726794924022513,389.0,1628394,Anzejs Pasecniks,-2.2
295,1628395.0,-1.6,0.0,0.2423444533927223,0.2423444533927223,180.0,-1.0117875609558995,0.5882124390441006,252.0,1628395,Jordan Bell,-1.6
296,1628396.0,-1.5,0.0,-0.47289475012847243,-0.47289475012847243,336.0,-1.6316829647963373,-0.13168296479633734,331.0,1628396,Tony Bradley,-1.5
297,1628398.0,-2.1,0.0,0.6452980350707939,0.6452980350707939,105.0,-1.004403309623367,1.095596690376633,249.0,1628398,Kyle Kuzma,-2.1
298,1628400.0,-1.7,0.0,-0.6405203064054443,-0.6405203064054443,361.0,-2.0463825195298497,-0.3463825195298496,381.0,1628400,Semi Ojeleye,-1.7
299,1628401.0,-1.0,0.0,-0.7670364635717064,-0.7670364635717064,374.0,-1.1833363731686743,-0.1833363731686743,271.0,1628401,Derrick White,-1.0
300,1628402.0,-2.4,0.0,-1.460908439823023,-1.460908439823023,439.0,-3.415292558826355,-1.015292558826355,462.0,1628402,Frank Jackson,-2.4
301,1628403.0,-2.2,0.0,0.1858800814653315,0.1858800814653315,192.0,-1.985492828904289,0.2145071710957112,375.0,1628403,Caleb Swanigan,-2.2
302,1628404.0,-0.8,0.0,0.0739245069893039,0.0739245069893039,216.0,-0.6217018777959417,0.1782981222040584,205.0,1628404,Josh Hart,-0.8
303,1628405.0,-0.6,0.0,0.013754484964424784,0.013754484964424784,227.0,-0.6032823725541564,-0.0032823725541563918,203.0,1628405,Johnathan Motley,-0.6
304,1628407.0,-3.0,0.0,-1.0598850950718142,-1.0598850950718142,404.0,-2.9340304701695237,0.0659695298304763,451.0,1628407,Dwayne Bacon,-3.0
305,1628410.0,-1.2,0.0,-1.18630818567182,-1.18630818567182,413.0,-2.303183638655492,-1.1031836386554918,407.0,1628410,Edmond Sumner,-1.2
306,1628411.0,-2.0,0.0,0.6950558364522972,0.6950558364522972,102.0,-0.7390661993586607,1.2609338006413393,222.0,1628411,Wes Iwundu,-2.0
307,1628412.0,-0.8,0.0,0.5819682579549746,0.5819682579549746,116.0,-0.23285831423084646,0.5671416857691536,170.0,1628412,Frank Mason,-0.8
308,1628413.0,-2.0,0.0,-0.3768133740903587,-0.3768133740903587,324.0,-2.3433163362859504,-0.3433163362859502,412.0,1628413,Jonah Bolden,-2.0
309,1628415.0,-0.7,0.0,-1.0457506731637882,-1.0457506731637882,401.0,-1.6213724633741384,-0.9213724633741385,327.0,1628415,Dillon Brooks,-0.7
310,1628418.0,1.6,0.0,-0.9722731594014511,-0.9722731594014511,393.0,0.3329942763053986,-1.2670057236946015,109.0,1628418,Thomas Bryant,1.6
311,1628420.0,-2.2,0.0,-0.09341588903642221,-0.09341588903642221,256.0,-1.366222455874547,0.8337775441254531,296.0,1628420,Monte Morris,-2.2
312,1628422.0,-1.4,0.0,0.16267785122588657,0.16267785122588657,198.0,-1.0217672447736954,0.3782327552263045,254.0,1628422,Damyean Dotson,-1.4
313,1628425.0,-0.7,0.0,0.5627310802493749,0.5627310802493749,121.0,-0.43751109884700784,0.2624889011529921,184.0,1628425,Sterling Brown,-0.7
314,1628427.0,-1.8,0.0,0.155169513595205,0.155169513595205,200.0,-1.6280534536119853,0.17194654638801485,329.0,1628427,Vlatko Cancar,-1.8
315,1628430.0,-1.6,0.0,-0.023800792135277724,-0.023800792135277724,237.0,-1.5721493941132643,0.027850605886735807,318.0,1628430,Nigel Williams-Goss,-1.6
316,1628436.0,-1.7,0.0,-0.9151363005811011,-0.9151363005811011,386.0,-2.310572825067747,-0.6105728250677471,408.0,1628436,Luke Kornet,-1.7
317,1628443.0,-1.3,0.0,-0.26211295302174964,-0.26211295302174964,299.0,-1.5601451583067552,-0.2601451583067552,314.0,1628443,Kadeem Allen,-1.3
318,1628449.0,-0.2,0.0,0.7738988531321361,0.7738988531321361,92.0,0.21182354379350193,0.41182354379350194,133.0,1628449,Chris Boucher,-0.2
319,1628464.0,1.2,0.0,0.7843302268719015,0.7843302268719015,90.0,0.8793432810363357,-0.32065671896366416,78.0,1628464,Daniel Theis,1.2
320,1628467.0,-0.3,0.0,0.9722970944876107,0.9722970944876107,68.0,0.2431342290449881,0.5431342290449881,128.0,1628467,Maxi Kleber,-0.3
321,1628470.0,-1.5,0.0,-0.6078676011196307,-0.6078676011196307,358.0,-1.7433895135891357,-0.24338951358913571,338.0,1628470,Torrey Craig,-1.5
322,1628476.0,-1.0,0.0,0.3432565630621022,0.3432565630621022,156.0,-0.6232390770834662,0.3767609229165339,206.0,1628476,Derrick Walton Jr.,-1.0
323,1628513.0,-1.2,0.0,0.7303409798140756,0.7303409798140756,98.0,-0.4286789938171165,0.7713210061828835,183.0,1628513,Naz Mitrou-Long,-1.2
324,1628518.0,-1.7,0.0,0.08952600837989814,0.08952600837989814,212.0,-1.5335165507525128,0.16648344924748715,311.0,1628518,Amile Jefferson,-1.7
325,1628960.0,-1.6,0.0,-0.2981579490335227,-0.2981579490335227,304.0,-1.604618296309676,-0.00461829630967586,323.0,1628960,Grayson Allen,-1.6
326,1628961.0,-1.7,0.0,0.09074363486140442,0.09074363486140442,211.0,-1.6041059998137543,0.09589400018624554,322.0,1628961,Kostas Antetokounmpo,-1.7
327,1628963.0,-2.6,0.0,-1.3697788248360954,-1.3697788248360954,432.0,-3.43373484930061,-0.83373484930061,463.0,1628963,Marvin Bagley III,-2.6
328,1628964.0,-1.5,0.0,0.8656555615640649,0.8656555615640649,79.0,0.01598471912342747,1.5159847191234275,151.0,1628964,Mo Bamba,-1.5
329,1628966.0,-1.7,0.0,-2.1353645040747686,-2.1353645040747686,462.0,-3.5908575443223363,-1.8908575443223363,467.0,1628966,Keita Bates-Diop,-1.7
330,1628968.0,-2.0,0.0,0.10675206686734712,0.10675206686734712,208.0,-1.8759337774874387,0.1240662225125613,353.0,1628968,Brian Bowen II,-2.0
331,1628969.0,-1.0,0.0,0.9983787553052913,0.9983787553052913,65.0,0.22629874851697895,1.226298748516979,129.0,1628969,Mikal Bridges,-1.0
332,1628970.0,-1.7,0.0,-3.688216243517288,-3.688216243517288,473.0,-4.4165900458080785,-2.7165900458080787,473.0,1628970,Miles Bridges,-1.7
333,1628971.0,-0.1,0.0,0.5920298865303754,0.5920298865303754,114.0,0.48345686236689356,0.5834568623668935,101.0,1628971,Bruce Brown,-0.1
334,1628972.0,-0.9,0.0,0.5505656075732528,0.5505656075732528,124.0,0.06611737006183649,0.9661173700618365,146.0,1628972,Troy Brown Jr.,-0.9
335,1628973.0,-0.7,0.0,1.601954704012097,1.601954704012097,31.0,1.391671750068973,2.091671750068973,57.0,1628973,Jalen Brunson,-0.7
336,1628975.0,-0.9,0.0,0.9965336294863911,0.9965336294863911,66.0,0.31148581725200664,1.2114858172520067,117.0,1628975,Jevon Carter,-0.9
337,1628976.0,0.0,0.0,0.8881223340628506,0.8881223340628506,77.0,0.8105233766890088,0.8105233766890088,81.0,1628976,Wendell Carter Jr.,0.0
338,1628977.0,-2.0,0.0,0.5507323218434758,0.5507323218434758,123.0,-1.1681557221080578,0.831844277891942,270.0,1628977,Hamidou Diallo,-2.0
339,1628978.0,1.2,0.0,3.538224330763666,3.538224330763666,1.0,3.258736299490497,2.058736299490497,13.0,1628978,Donte DiVincenzo,1.2
340,1628980.0,-3.4,0.0,-0.18983140427535047,-0.18983140427535047,277.0,-2.8397640709927163,0.5602359290072838,445.0,1628980,Jacob Evans,-3.4
341,1628981.0,-1.4,0.0,-0.11650966249227655,-0.11650966249227655,262.0,-0.7516417016886582,0.6483582983113417,223.0,1628981,Bruno Fernando,-1.4
342,1628982.0,-2.0,0.0,-0.23398986460025348,-0.23398986460025348,290.0,-2.149095655044757,-0.1490956550447569,395.0,1628982,Melvin Frazier Jr.,-2.0
343,1628983.0,0.6,0.0,-0.17657502175857584,-0.17657502175857584,275.0,0.08289743675650452,-0.5171025632434955,144.0,1628983,Shai Gilgeous-Alexander,0.6
344,1628984.0,0.5,0.0,0.8321946254985434,0.8321946254985434,82.0,1.5599943244793628,1.0599943244793628,51.0,1628984,Devonte Graham,0.5
345,1628985.0,-1.9,0.0,0.8770684184640536,0.8770684184640536,78.0,-1.0165610652250026,0.8834389347749974,253.0,1628985,Devon Hall,-1.9
346,1628987.0,-1.6,0.0,-0.24361921949395304,-0.24361921949395304,294.0,-1.825017964080282,-0.22501796408028185,341.0,1628987,Kevin Hervey,-1.6
347,1628988.0,-0.4,0.0,0.8970785190636175,0.8970785190636175,76.0,0.5327365684339745,0.9327365684339746,96.0,1628988,Aaron Holiday,-0.4
348,1628989.0,-0.6,0.0,-1.2093381203838778,-1.2093381203838778,417.0,-1.462693139198962,-0.8626931391989621,301.0,1628989,Kevin Huerter,-0.6
349,1628990.0,-1.7,0.0,-0.5122781304730142,-0.5122781304730142,346.0,-1.8863647179352918,-0.18636471793529183,357.0,1628990,Chandler Hutchison,-1.7
350,1628991.0,1.6,0.0,-1.1447996323775647,-1.1447996323775647,409.0,0.24528260476433905,-1.354717395235661,127.0,1628991,Jaren Jackson Jr.,1.6
351,1628993.0,-1.9,0.0,0.19828296517413974,0.19828296517413974,189.0,-1.6116187994820175,0.28838120051798244,325.0,1628993,Alize Johnson,-1.9
352,1628995.0,-1.4,0.0,-1.6217765868944019,-1.6217765868944019,449.0,-2.5353274321699097,-1.1353274321699098,432.0,1628995,Kevin Knox II,-1.4
353,1628997.0,-2.3,0.0,-0.3735859829884315,-0.3735859829884315,323.0,-2.541079409319424,-0.24107940931942426,433.0,1628997,Caleb Martin,-2.3
354,1628998.0,-1.4,0.0,1.6757281057836209,1.6757281057836209,28.0,0.6679039818940549,2.0679039818940548,90.0,1628998,Cody Martin,-1.4
355,1629001.0,-0.4,0.0,2.4468916239697105,2.4468916239697105,11.0,2.168090719801988,2.568090719801988,30.0,1629001,DeAnthony Melton,-0.4
356,1629002.0,-2.1,0.0,0.11506938211489187,0.11506938211489187,206.0,-1.8282937603202694,0.27170623967973084,342.0,1629002,Chimezie Metu,-2.1
357,1629003.0,-2.1,0.0,-0.5074850564206976,-0.5074850564206976,344.0,-2.4139869454956404,-0.31398694549564043,416.0,1629003,Shake Milton,-2.1
358,1629004.0,-0.5,0.0,0.6351745688085764,0.6351745688085764,107.0,0.19488692257505924,0.6948869225750592,134.0,1629004,Svi Mykhailiuk,-0.5
359,1629006.0,-1.4,0.0,0.25330986926964655,0.25330986926964655,176.0,-0.8045977138304099,0.59540228616959,230.0,1629006,Josh Okogie,-1.4
360,1629008.0,-1.6,0.0,-1.2131069560190642,-1.2131069560190642,418.0,-2.4644242665491793,-0.8644242665491791,426.0,1629008,Michael Porter Jr.,-1.6
361,1629010.0,-1.6,0.0,0.5377207696785279,0.5377207696785279,126.0,-0.7705784005727471,0.829421599427253,228.0,1629010,Jerome Robinson,-1.6
362,1629011.0,0.3,0.0,-0.13321511009692644,-0.13321511009692644,266.0,0.24822455343670358,-0.0517754465632964,126.0,1629011,Mitchell Robinson,0.3
363,1629012.0,-1.2,0.0,-1.3718138807921334,-1.3718138807921334,433.0,-1.9685969050352343,-0.7685969050352344,371.0,1629012,Collin Sexton,-1.2
364,1629013.0,-0.2,0.0,-1.7508399839007969,-1.7508399839007969,454.0,-2.1314306327784815,-1.9314306327784814,393.0,1629013,Landry Shamet,-0.2
365,1629014.0,-2.4,0.0,-2.8896322125627876,-2.8896322125627876,472.0,-4.362904998610974,-1.9629049986109743,472.0,1629014,Anfernee Simons,-2.4
366,1629016.0,-1.3,0.0,-0.5143522712266787,-0.5143522712266787,347.0,-1.2644432489723831,0.035556751027616816,282.0,1629016,Omari Spellman,-1.3
367,1629017.0,-1.8,0.0,-0.14851855905729275,-0.14851855905729275,272.0,-1.9532687629552639,-0.15326876295526384,368.0,1629017,Khyri Thomas,-1.8
368,1629018.0,0.0,0.0,0.2389194906726545,0.2389194906726545,181.0,0.3149360809753898,0.3149360809753898,113.0,1629018,Gary Trent Jr.,0.0
369,1629019.0,-1.3,0.0,-1.2183749897222549,-1.2183749897222549,419.0,-2.327529083110476,-1.0275290831104762,409.0,1629019,Allonzo Trier,-1.3
370,1629020.0,-2.1,0.0,-0.04566995776982254,-0.04566995776982254,243.0,-2.0818547711104802,0.01814522888951976,385.0,1629020,Jarred Vanderbilt,-2.1
371,1629021.0,-0.8,0.0,0.2863882033200612,0.2863882033200612,170.0,-0.19335473231026845,0.6066452676897316,164.0,1629021,Moritz Wagner,-0.8
372,1629022.0,-2.6,0.0,1.0947946740425654,1.0947946740425654,55.0,-0.903748854620781,1.696251145379219,242.0,1629022,Lonnie Walker IV,-2.6
373,1629023.0,0.2,0.0,1.3652301248683185,1.3652301248683185,45.0,1.8036582151539897,1.6036582151539898,41.0,1629023,P.J. Washington,0.2
374,1629026.0,-0.7,0.0,0.21310115647965217,0.21310115647965217,186.0,-0.23136632194682438,0.4686336780531756,169.0,1629026,Kenrich Williams,-0.7
375,1629027.0,1.7,0.0,-0.06156890319242452,-0.06156890319242452,252.0,1.740596607308454,0.040596607308454,45.0,1629027,Trae Young,1.7
376,1629028.0,-1.7,0.0,0.5108514994623575,0.5108514994623575,128.0,-1.0609218827081581,0.6390781172918418,258.0,1629028,Deandre Ayton,-1.7
377,1629029.0,6.5,0.0,0.8235983347122152,0.8235983347122152,85.0,4.743401575390817,-1.7565984246091828,7.0,1629029,Luka Doncic,6.5
378,1629033.0,-1.6,0.0,-0.06037538071433071,-0.06037538071433071,250.0,-1.161215883131313,0.43878411686868707,269.0,1629033,Theo Pinson,-1.6
379,1629035.0,-1.4,0.0,-2.4090157766258353,-2.4090157766258353,470.0,-3.566854803120547,-2.1668548031205472,466.0,1629035,Carsen Edwards,-1.4
380,1629044.0,-1.5,0.0,-0.10473681060777276,-0.10473681060777276,259.0,-1.6033967849359347,-0.10339678493593471,321.0,1629044,Shamorie Ponds,-1.5
381,1629048.0,-1.6,0.0,-0.8138132558665845,-0.8138132558665845,379.0,-1.920336638817623,-0.320336638817623,364.0,1629048,Goga Bitadze,-1.6
382,1629052.0,-1.5,0.0,0.35593679838946696,0.35593679838946696,154.0,-1.14324774523351,0.3567522547664901,266.0,1629052,Oshae Brissett,-1.5
383,1629056.0,-0.3,0.0,2.9963717500471505,2.9963717500471505,4.0,2.3544007590616993,2.654400759061699,28.0,1629056,Terence Davis,-0.3
384,1629057.0,-0.7,0.0,-0.21983797609705644,-0.21983797609705644,286.0,-0.7554723939744801,-0.05547239397448016,224.0,1629057,Robert Williams III,-0.7
385,1629058.0,-1.6,0.0,-1.1511505964067172,-1.1511505964067172,410.0,-2.4316145177309307,-0.8316145177309306,419.0,1629058,Dzanan Musa,-1.6
386,1629059.0,-1.3,0.0,0.7673853264284837,0.7673853264284837,93.0,-0.10510666315897987,1.1948933368410202,157.0,1629059,Elie Okobo,-1.3
387,1629060.0,-0.7,0.0,-2.280161414045018,-2.280161414045018,467.0,-2.678801057428636,-1.9788010574286359,441.0,1629060,Rui Hachimura,-0.7
388,1629065.0,-1.8,0.0,0.5166708201008833,0.5166708201008833,127.0,-0.3835785205063933,1.4164214794936067,180.0,1629065,Ky Bowman,-1.8
389,1629066.0,-1.4,0.0,-0.47281250121339574,-0.47281250121339574,335.0,-1.5597792918600935,-0.1597792918600936,313.0,1629066,Rodions Kurucs,-1.4
390,1629067.0,-0.8,0.0,-0.02727385077063394,-0.02727385077063394,238.0,-0.2743184164423328,0.5256815835576673,173.0,1629067,Isaac Bonga,-0.8
391,1629076.0,-1.6,0.0,-0.05459954633337804,-0.05459954633337804,247.0,-1.6048545607011024,-0.004854560701102327,324.0,1629076,Tyler Cook,-1.6
392,1629103.0,-2.4,0.0,0.2288080999678585,0.2288080999678585,182.0,-1.834367214706315,0.5656327852936849,344.0,1629103,Kelan Martin,-2.4
393,1629109.0,-0.5,0.0,-0.7629029185137695,-0.7629029185137695,373.0,-1.4688153303109432,-0.9688153303109434,304.0,1629109,Gary Clark,-0.5
394,1629117.0,-1.5,0.0,-0.311165643191363,-0.311165643191363,312.0,-1.6691406337961205,-0.16914063379612054,332.0,1629117,Wenyen Gabriel,-1.5
395,1629126.0,-2.3,0.0,-0.5604814308967961,-0.5604814308967961,352.0,-2.501944912870291,-0.20194491287029084,431.0,1629126,Deonte Burton,-2.3
396,1629130.0,1.5,0.0,0.9722048489217439,0.9722048489217439,69.0,1.401452271155155,-0.09854772884484518,56.0,1629130,Duncan Robinson,1.5
397,1629133.0,-2.1,0.0,-0.05388161514174499,-0.05388161514174499,245.0,-2.1583063264793942,-0.0583063264793941,396.0,1629133,Daryl Macon,-2.1
398,1629134.0,-0.9,0.0,0.9298803759443788,0.9298803759443788,74.0,-0.3124699625190419,0.5875300374809581,174.0,1629134,Kendrick Nunn,-0.9
399,1629139.0,-2.0,0.0,0.30790649982417545,0.30790649982417545,165.0,-1.6793280688592553,0.3206719311407446,335.0,1629139,Yuta Watanabe,-2.0
400,1629140.0,-1.4,0.0,-0.7875226099358794,-0.7875226099358794,376.0,-2.02197202813857,-0.6219720281385701,379.0,1629140,Johnathan Williams,-1.4
401,1629151.0,-0.4,0.0,-0.24346467446505152,-0.24346467446505152,293.0,-0.644875940139129,-0.24487594013912894,210.0,1629151,Ryan Broekhoff,-0.4
402,1629162.0,-1.6,0.0,-0.42930234906173853,-0.42930234906173853,331.0,-1.8833690024876435,-0.2833690024876435,356.0,1629162,Jordan McLaughlin,-1.6
403,1629164.0,-1.6,0.0,-0.2817731580863678,-0.2817731580863678,302.0,-1.842990959395587,-0.242990959395587,345.0,1629164,Brandon Goodwin,-1.6
404,1629168.0,-1.9,0.0,-0.24118486534725808,-0.24118486534725808,291.0,-2.1201764378546883,-0.22017643785468866,390.0,1629168,BJ Johnson,-1.9
405,1629185.0,-1.5,0.0,1.651973341105732,1.651973341105732,29.0,0.26340183019366736,1.7634018301936674,124.0,1629185,Chris Chiozza,-1.5
406,1629234.0,-2.2,0.0,-1.0245914247128989,-1.0245914247128989,399.0,-3.0938526016288663,-0.8938526016288662,454.0,1629234,Drew Eubanks,-2.2
407,1629346.0,-1.9,0.0,-0.010524518568608482,-0.010524518568608482,234.0,-1.7525140567362631,0.14748594326373685,339.0,1629346,Alen Smailagic,-1.9
408,1629597.0,-2.1,0.0,-0.8821456099095912,-0.8821456099095912,384.0,-2.8704287944607674,-0.7704287944607673,447.0,1629597,Zylan Cheatham,-2.1
409,1629598.0,-0.2,0.0,-0.8619738389067867,-0.8619738389067867,383.0,-1.0453709392407955,-0.8453709392407955,256.0,1629598,Chris Clemons,-0.2
410,1629605.0,-2.5,0.0,-0.008711029112815195,-0.008711029112815195,233.0,-2.4528064066559074,0.04719359334409269,423.0,1629605,Tacko Fall,-2.5
411,1629607.0,-1.9,0.0,-0.013768796354112024,-0.013768796354112024,235.0,-1.9196850279082618,-0.019685027908261873,363.0,1629607,Jared Harper,-1.9
412,1629608.0,-1.6,0.0,0.06915787302290871,0.06915787302290871,218.0,-1.5551469409739949,0.04485305902600522,312.0,1629608,Dewan Hernandez,-1.6
413,1629610.0,-2.1,0.0,0.0729281553357676,0.0729281553357676,217.0,-1.9545409371517652,0.14545906284823484,369.0,1629610,DaQuan Jeffries,-2.1
414,1629611.0,-1.1,0.0,0.14576647272662796,0.14576647272662796,202.0,-0.7566425020682694,0.3433574979317306,225.0,1629611,Terance Mann,-1.1
415,1629620.0,-2.2,0.0,0.8269054808302913,0.8269054808302913,84.0,-1.3105496953912645,0.8894503046087355,289.0,1629620,Justin Robinson,-2.2
416,1629622.0,-2.2,0.0,0.5795150571776696,0.5795150571776696,118.0,-1.562202268185679,0.6377977318143212,316.0,1629622,Max Strus,-2.2
417,1629628.0,-2.2,0.0,-1.438060682562238,-1.438060682562238,437.0,-2.4226367160026463,-0.2226367160026461,417.0,1629628,RJ Barrett,-2.2
418,1629629.0,-2.9,0.0,-1.7315529677007844,-1.7315529677007844,453.0,-3.3095062411791667,-0.4095062411791669,460.0,1629629,Cam Reddish,-2.9
419,1629630.0,0.3,0.0,0.25410610358238467,0.25410610358238467,175.0,0.08897579709756256,-0.21102420290243742,143.0,1629630,Ja Morant,0.3
420,1629631.0,-2.2,0.0,-0.3986564973249682,-0.3986564973249682,330.0,-1.4128134908858305,0.7871865091141697,299.0,1629631,DeAndre Hunter,-2.2
421,1629632.0,-2.2,0.0,-0.9172617839898914,-0.9172617839898914,387.0,-2.1812012794872553,0.0187987205127451,398.0,1629632,Coby White,-2.2
422,1629633.0,-1.9,0.0,-1.2289288647152767,-1.2289288647152767,420.0,-2.609550317497166,-0.709550317497166,437.0,1629633,Jarrett Culver,-1.9
423,1629634.0,-1.4,0.0,-0.8474090003975374,-0.8474090003975374,381.0,-1.5757002881049365,-0.1757002881049366,319.0,1629634,Brandon Clarke,-1.4
424,1629635.0,-2.1,0.0,0.3381355099677603,0.3381355099677603,157.0,-1.780902971850136,0.3190970281498642,340.0,1629635,Sekou Doumbouya,-2.1
425,1629636.0,-3.1,0.0,-1.3733633967862684,-1.3733633967862684,434.0,-3.2339181656264113,-0.13391816562641115,459.0,1629636,Darius Garland,-3.1
426,1629637.0,-0.5,0.0,1.458128982346673,1.458128982346673,40.0,1.1289001510026877,1.6289001510026877,67.0,1629637,Jaxson Hayes,-0.5
427,1629638.0,-1.7,0.0,-0.7551693998619438,-0.7551693998619438,372.0,-2.097281437433523,-0.3972814374335229,387.0,1629638,Nickeil Alexander-Walker,-1.7
428,1629639.0,-2.3,0.0,-1.003717919050716,-1.003717919050716,398.0,-2.64903371589396,-0.34903371589396015,440.0,1629639,Tyler Herro,-2.3
429,1629640.0,-2.0,0.0,0.04700242351538632,0.04700242351538632,222.0,-1.9414857541398312,0.05851424586016876,366.0,1629640,Keldon Johnson,-2.0
430,1629641.0,-1.7,0.0,0.9250481554849436,0.9250481554849436,75.0,-0.6062182475487399,1.09378175245126,204.0,1629641,Romeo Langford,-1.7
431,1629642.0,-1.9,0.0,-0.951684571615089,-0.951684571615089,389.0,-2.554903078922978,-0.6549030789229777,434.0,1629642,Nassir Little,-1.9
432,1629644.0,-2.1,0.0,-0.25375769871883747,-0.25375769871883747,296.0,-2.339923146253117,-0.23992314625311664,411.0,1629644,KZ Okpala,-2.1
433,1629645.0,-1.7,0.0,-2.3802555676856016,-2.3802555676856016,469.0,-3.6055634637245966,-1.9055634637245966,468.0,1629645,Kevin Porter Jr.,-1.7
434,1629647.0,-2.5,0.0,-0.9909785029483688,-0.9909785029483688,395.0,-2.3339392240943204,0.1660607759056797,410.0,1629647,Darius Bazley,-2.5
435,1629648.0,-2.2,0.0,-0.09928720727394151,-0.09928720727394151,258.0,-2.2952774474097613,-0.0952774474097609,405.0,1629648,Jordan Bone,-2.2
436,1629649.0,-2.0,0.0,-0.21964358601001086,-0.21964358601001086,285.0,-2.1929897676027568,-0.1929897676027569,401.0,1629649,Ignas Brazdeikis,-2.0
437,1629650.0,-2.4,0.0,-0.4750068082205445,-0.4750068082205445,337.0,-2.8099720831594377,-0.4099720831594376,444.0,1629650,Moses Brown,-2.4
438,1629651.0,-1.5,0.0,-1.1109548476229318,-1.1109548476229318,406.0,-2.5013794224309622,-1.001379422430962,430.0,1629651,Nicolas Claxton,-1.5
439,1629652.0,-2.2,0.0,-0.13912457395568043,-0.13912457395568043,268.0,-2.2065214395148423,-0.006521439514842122,402.0,1629652,Luguentz Dort,-2.2
440,1629655.0,-2.2,0.0,-0.39677561544851425,-0.39677561544851425,329.0,-1.9825044107327445,0.21749558926725557,374.0,1629655,Daniel Gafford,-2.2
441,1629658.0,-1.8,0.0,-0.1521008800972066,-0.1521008800972066,273.0,-1.8795947612610497,-0.0795947612610498,355.0,1629658,Jaylen Hoard,-1.8
442,1629659.0,-1.6,0.0,-0.2516105379624682,-0.2516105379624682,295.0,-1.8513798800858745,-0.2513798800858743,347.0,1629659,Talen Horton-Tucker,-1.6
443,1629660.0,-1.4,0.0,-2.0671525845848686,-2.0671525845848686,461.0,-3.329844175788728,-1.9298441757887284,461.0,1629660,Ty Jerome,-1.4
444,1629661.0,-0.4,0.0,-1.3524792302137638,-1.3524792302137638,430.0,-1.707583487979793,-1.307583487979793,336.0,1629661,Cameron Johnson,-0.4
445,1629662.0,-0.4,0.0,-0.048467731316029376,-0.048467731316029376,244.0,-0.5729629245952285,-0.17296292459522844,201.0,1629662,Mfiondu Kabengele,-0.4
446,1629663.0,-1.4,0.0,-0.09608697162865208,-0.09608697162865208,257.0,-1.512693927674405,-0.1126939276744051,309.0,1629663,Louis King,-1.4
447,1629667.0,-2.4,0.0,-0.06278454897711655,-0.06278454897711655,253.0,-2.4267059196406313,-0.026705919640631307,418.0,1629667,Jalen McDaniels,-2.4
448,1629668.0,-2.0,0.0,-0.13395704276308856,-0.13395704276308856,267.0,-2.128775438835879,-0.1287754388358789,392.0,1629668,Zach Norvell Jr.,-2.0
449,1629669.0,-1.9,0.0,-0.11697471356867872,-0.11697471356867872,263.0,-1.8725667156698744,0.02743328433012555,352.0,1629669,Jaylen Nowell,-1.9
450,1629671.0,-1.7,0.0,-0.29904767581659764,-0.29904767581659764,305.0,-1.9723237633409145,-0.27232376334091457,372.0,1629671,Miye Oni,-1.7
451,1629672.0,-1.5,0.0,-1.041995285771527,-1.041995285771527,400.0,-1.674140982901809,-0.17414098290180896,334.0,1629672,Eric Paschall,-1.5
452,1629673.0,-3.2,0.0,-1.2054433032705179,-1.2054433032705179,416.0,-3.147931117231767,0.052068882768233106,456.0,1629673,Jordan Poole,-3.2
453,1629675.0,-0.8,0.0,0.02665477737765226,0.02665477737765226,224.0,-0.768152819439482,0.03184718056051802,227.0,1629675,Naz Reid,-0.8
454,1629678.0,-1.6,0.0,-0.22281777069874054,-0.22281777069874054,289.0,-1.5075658813005033,0.0924341186994967,307.0,1629678,Admiral Schofield,-1.6
455,1629680.0,-0.6,0.0,-0.3879623316220146,-0.3879623316220146,325.0,-1.24817974382829,-0.64817974382829,280.0,1629680,Matisse Thybulle,-0.6
456,1629682.0,-1.6,0.0,0.15259040714128558,0.15259040714128558,201.0,-1.3947812968161206,0.2052187031838795,298.0,1629682,Tremont Waters,-1.6
457,1629684.0,-1.7,0.0,1.6911595468188638,1.6911595468188638,26.0,0.29328548277478284,1.9932854827747828,121.0,1629684,Grant Williams,-1.7
458,1629690.0,-2.1,0.0,0.012682575541288148,0.012682575541288148,228.0,-2.078540767009543,0.021459232990457076,384.0,1629690,Adam Mokoka,-2.1
459,1629713.0,-2.4,0.0,0.06645133813983138,0.06645133813983138,219.0,-1.8317328683303393,0.5682671316696606,343.0,1629713,Justin James,-2.4
460,1629714.0,-1.5,0.0,0.137300397517677,0.137300397517677,203.0,-1.3460273005271095,0.15397269947289052,293.0,1629714,Jarrell Brantley,-1.5
461,1629718.0,-1.9,0.0,0.3001035140457911,0.3001035140457911,168.0,-1.5615125929787745,0.3384874070212253,315.0,1629718,Charles Brown Jr.,-1.9
462,1629723.0,-1.9,0.0,-0.28916246882673624,-0.28916246882673624,303.0,-2.1605393010198446,-0.26053930101984457,397.0,1629723,John Konchar,-1.9
463,1629726.0,-1.0,0.0,0.1659838750165255,0.1659838750165255,197.0,-0.6752692144245489,0.32473078557545104,214.0,1629726,Garrison Mathews,-1.0
464,1629731.0,-1.4,0.0,0.06431115566299628,0.06431115566299628,220.0,-1.2723206426653415,0.1276793573346583,283.0,1629731,Dean Wade,-1.4
465,1629735.0,-0.8,0.0,-0.14244545402971015,-0.14244545402971015,270.0,-0.6687128784174663,0.1312871215825338,213.0,1629735,Chris Silva,-0.8
466,1629738.0,-1.6,0.0,-0.3564074584815919,-0.3564074584815919,318.0,-1.9096740074133558,-0.30967400741335566,360.0,1629738,Vincent Poirier,-1.6
467,1629740.0,0.0,0.0,-1.3508220163362035,-1.3508220163362035,429.0,-1.365363476776991,-1.365363476776991,295.0,1629740,Nicolo Melli,0.0
468,1629741.0,-1.7,0.0,-1.0775724994722327,-1.0775724994722327,405.0,-2.44687250230126,-0.7468725023012602,421.0,1629741,Marko Guduric,-1.7
469,1629742.0,-1.7,0.0,0.10847287391591451,0.10847287391591451,207.0,-1.5875583205305892,0.11244167946941067,320.0,1629742,Stanton Kidd,-1.7
470,1629744.0,-0.9,0.0,0.16754613672697583,0.16754613672697583,196.0,-0.8300866800970803,0.06991331990291967,232.0,1629744,Matt Thomas,-0.9
471,1629750.0,-2.2,0.0,-1.1527967501767915,-1.1527967501767915,411.0,-2.8977272081912657,-0.6977272081912657,448.0,1629750,Javonte Green,-2.2
472,1629752.0,-1.4,0.0,0.21731069198698258,0.21731069198698258,184.0,-1.1536014894727187,0.24639851052728118,268.0,1629752,Juwan Morgan,-1.4
