PLAYER_ID,PLAYER_NAME,TEAM_ID,TEAM_ABBREVIATION,AGE,GP,W,L,W_PCT,MIN,FGM,FGA,FG_PCT,FG3M,FG3A,FG3_PCT,FTM,FTA,FT_PCT,OREB,DREB,REB,AST,TOV,STL,BLK,BLKA,PF,PFD,PTS,PLUS_MINUS,NBA_FANTASY_PTS,DD2,TD3,SEASON,SEASON_TYPE
101107,"Marvin Williams",1610612766,CHA,33,29,10,19,0.345,599.198,77,160,0.481,36,90,0.4,32,35,0.914,13,67,80,32,20,19,14,5,52,35,222,-55,445,0,0,2019-20,"Regular Season"
101108,"Chris Paul",1610612760,OKC,34,31,16,15,0.516,980.28,169,362,0.467,48,131,0.366,119,132,0.902,10,132,142,200,56,51,5,7,75,112,505,51,1087.4,3,0,2019-20,"Regular Season"
101133,"Ian Mahinmi",1610612764,WAS,33,10,3,7,0.3,198.857,25,52,0.481,1,7,0.143,23,35,0.657,26,33,59,10,16,6,13,7,33,32,74,8,200.8,0,0,2019-20,"Regular Season"
101139,"CJ Miles",1610612764,WAS,32,10,4,6,0.4,161.035,19,59,0.322,11,35,0.314,15,20,0.75,4,8,12,12,4,10,4,2,14,14,64,-8,134.4,0,0,2019-20,"Regular Season"
101141,"Ersan Ilyasova",1610612749,MIL,32,30,25,5,0.833,499.037,88,171,0.515,26,73,0.356,38,48,0.792,37,114,151,25,16,14,10,3,45,43,240,94,514.7,2,0,2019-20,"Regular Season"
101150,"Lou Williams",1610612746,LAC,33,31,22,9,0.71,935.682,195,470,0.415,54,150,0.36,148,176,0.841,12,80,92,191,95,20,4,26,47,153,592,124,965.9,2,0,2019-20,"Regular Season"
1626143,"Jahlil Okafor",1610612740,NOP,24,19,3,16,0.158,331.837,63,104,0.606,1,2,0.5,28,43,0.651,32,55,87,29,30,5,15,11,53,41,155,-75,332.9,1,0,2019-20,"Regular Season"
1626144,"Emmanuel Mudiay",1610612762,UTA,23,28,17,11,0.607,460.615,79,167,0.473,15,43,0.349,31,41,0.756,8,62,70,67,44,9,7,18,46,39,204,-1,392.5,0,0,2019-20,"Regular Season"
1626145,"Tyus Jones",1610612763,MEM,23,32,12,20,0.375,636.298,82,192,0.427,18,53,0.34,21,28,0.75,4,49,53,151,34,29,4,12,26,27,203,-96,558.1,0,0,2019-20,"Regular Season"
1626149,"Montrezl Harrell",1610612746,LAC,25,33,23,10,0.697,963.92,257,447,0.575,0,12,0,112,169,0.663,97,149,246,62,63,24,38,43,77,157,626,189,1137.2,6,0,2019-20,"Regular Season"
1626153,"Delon Wright",1610612742,DAL,27,28,19,9,0.679,572.668,77,160,0.481,17,47,0.362,38,44,0.864,24,76,100,92,20,40,8,11,35,35,209,70,591,0,0,2019-20,"Regular Season"
1626156,"D'Angelo Russell",1610612744,GSW,23,21,6,15,0.286,660.19,166,392,0.423,65,190,0.342,79,103,0.767,6,64,70,127,65,19,8,8,46,78,476,-115,766.5,0,0,2019-20,"Regular Season"
1626157,"Karl-Anthony Towns",1610612750,MIN,24,23,9,14,0.391,779.397,207,403,0.514,82,196,0.418,113,142,0.796,63,206,269,101,72,24,29,17,80,125,609,7,1170.3,18,0,2019-20,"Regular Season"
1626158,"Richaun Holmes",1610612758,SAC,26,31,12,19,0.387,900.765,166,252,0.659,0,0,0,60,73,0.822,96,176,272,34,38,35,42,12,127,70,392,26,962.4,11,0,2019-20,"Regular Season"
1626159,"Justise Winslow",1610612748,MIA,23,10,6,4,0.6,336.695,50,127,0.394,6,26,0.231,18,27,0.667,16,55,71,43,23,6,4,4,36,21,124,53,280.7,1,0,2019-20,"Regular Season"
1626161,"Willie Cauley-Stein",1610612744,GSW,26,30,8,22,0.267,705.203,112,195,0.574,0,0,0,25,41,0.61,46,142,188,43,28,38,43,13,83,45,249,-79,754.1,1,0,2019-20,"Regular Season"
1626162,"Kelly Oubre Jr.",1610612756,PHX,24,31,11,20,0.355,1016.37,189,426,0.444,47,150,0.313,111,139,0.799,38,141,179,48,53,43,24,38,101,119,536,-28,970.8,4,0,2019-20,"Regular Season"
1626163,"Frank Kaminsky",1610612756,PHX,26,31,11,20,0.355,711.057,127,278,0.457,39,112,0.348,59,88,0.67,30,128,158,71,33,13,10,18,69,72,352,-28,684.1,1,0,2019-20,"Regular Season"
1626164,"Devin Booker",1610612756,PHX,23,28,11,17,0.393,994.453,241,483,0.499,56,150,0.373,145,160,0.906,19,91,110,176,110,19,8,27,85,149,683,-7,1050,3,0,2019-20,"Regular Season"
1626167,"Myles Turner",1610612754,IND,23,24,15,9,0.625,707.67,106,231,0.459,40,106,0.377,39,54,0.722,31,106,137,28,33,15,53,6,58,59,291,37,668.4,3,0,2019-20,"Regular Season"
1626168,"Trey Lyles",1610612759,SAS,24,30,12,18,0.4,509.205,54,122,0.443,24,67,0.358,8,13,0.615,33,139,172,38,20,7,9,2,33,20,140,-61,431.4,0,0,2019-20,"Regular Season"
1626169,"Stanley Johnson",1610612761,TOR,23,6,4,2,0.667,23.1833,6,13,0.462,1,4,0.25,0,0,0,2,5,7,0,5,2,0,1,6,0,13,-6,22.4,0,0,2019-20,"Regular Season"
1626171,"Bobby Portis",1610612752,NYK,24,32,8,24,0.25,689.813,118,279,0.423,33,94,0.351,32,43,0.744,46,143,189,40,31,20,9,13,59,43,301,-130,643.8,4,0,2019-20,"Regular Season"
1626172,"Kevon Looney",1610612744,GSW,23,10,3,7,0.3,104.94,11,32,0.344,1,2,0.5,3,5,0.6,15,14,29,4,6,3,2,4,17,4,26,-60,75.8,0,0,2019-20,"Regular Season"
1626174,"Christian Wood",1610612765,DET,24,28,12,16,0.429,428.585,98,155,0.632,17,40,0.425,53,80,0.663,36,99,135,17,29,9,23,10,28,69,266,84,520.5,4,0,2019-20,"Regular Season"
1626178,"Rondae Hollis-Jefferson",1610612761,TOR,24,23,15,8,0.652,467.523,74,147,0.503,2,9,0.222,48,64,0.75,54,67,121,38,24,19,10,8,45,51,198,27,463.2,2,0,2019-20,"Regular Season"
1626179,"Terry Rozier",1610612766,CHA,25,34,13,21,0.382,1132.48,214,515,0.416,86,225,0.382,83,99,0.838,29,125,154,142,89,42,7,24,77,90,597,-217,1052.8,1,0,2019-20,"Regular Season"
1626181,"Norman Powell",1610612761,TOR,26,27,19,8,0.704,779.87,140,284,0.493,51,131,0.389,57,69,0.826,15,90,105,46,43,30,11,12,52,52,388,44,663,0,0,2019-20,"Regular Season"
1626188,"Quinn Cook",1610612747,LAL,26,21,17,4,0.81,284.46,43,103,0.417,12,37,0.324,4,5,0.8,4,21,25,31,19,6,1,5,14,9,102,52,180.5,0,0,2019-20,"Regular Season"
1626192,"Pat Connaughton",1610612749,MIL,26,31,27,4,0.871,534.953,59,131,0.45,21,67,0.313,15,21,0.714,17,106,123,58,22,11,16,9,27,18,154,71,447.6,0,0,2019-20,"Regular Season"
1626195,"Willy Hernangomez",1610612766,CHA,25,10,1,9,0.1,67.1383,10,25,0.4,2,7,0.286,4,8,0.5,9,14,23,3,6,1,3,3,4,7,26,-29,64.1,0,0,2019-20,"Regular Season"
1626196,"Josh Richardson",1610612755,PHI,26,26,16,10,0.615,814.455,144,334,0.431,46,130,0.354,50,64,0.781,24,66,90,86,55,29,17,21,72,82,384,108,704,0,0,2019-20,"Regular Season"
1626203,"Treveon Graham",1610612750,MIN,26,28,11,17,0.393,587.013,56,160,0.35,18,76,0.237,24,34,0.706,28,64,92,25,15,15,2,17,57,39,154,-96,337.9,0,0,2019-20,"Regular Season"
1626204,"Larry Nance Jr.",1610612739,CLE,26,28,8,20,0.286,684.048,90,183,0.492,28,82,0.341,26,39,0.667,48,151,199,43,26,21,14,5,43,43,234,-123,616.3,3,0,2019-20,"Regular Season"
1626209,"Mario Hezonja",1610612757,POR,24,25,10,15,0.4,413.648,35,100,0.35,10,32,0.313,24,29,0.828,16,92,108,22,20,13,2,13,55,28,104,-60,291.6,1,0,2019-20,"Regular Season"
1626220,"Royce O'Neale",1610612762,UTA,26,31,19,12,0.613,910.203,72,154,0.468,41,94,0.436,14,18,0.778,5,145,150,80,27,27,9,6,93,31,199,130,580,1,0,2019-20,"Regular Season"
1626224,"Cedi Osman",1610612739,CLE,24,31,9,22,0.29,892.583,117,271,0.432,51,139,0.367,24,39,0.615,13,87,100,68,42,32,10,18,65,48,309,-107,615,0,0,2019-20,"Regular Season"
1626246,"Boban Marjanovic",1610612742,DAL,31,13,9,4,0.692,137.462,31,56,0.554,0,1,0,14,20,0.7,15,43,58,7,11,2,3,5,20,21,76,69,160.1,1,0,2019-20,"Regular Season"
1626259,"Malcolm Miller",1610612761,TOR,26,17,14,3,0.824,105.655,6,19,0.316,5,15,0.333,1,6,0.167,1,13,14,7,3,4,2,2,10,3,18,37,60.3,0,0,2019-20,"Regular Season"
1627732,"Ben Simmons",1610612755,PHI,23,32,22,10,0.688,1117.9,188,334,0.563,2,5,0.4,81,139,0.583,53,172,225,276,118,71,20,16,108,145,459,135,1298,15,2,2019-20,"Regular Season"
1627733,"Dragan Bender",1610612749,MIL,22,3,3,0,1,29.1667,6,8,0.75,2,4,0.5,1,1,1,0,2,2,3,1,0,2,0,6,1,15,18,26.9,0,0,2019-20,"Regular Season"
1627734,"Domantas Sabonis",1610612754,IND,23,30,20,10,0.667,1028.71,209,415,0.504,8,30,0.267,97,132,0.735,99,299,398,118,78,24,18,33,107,144,523,176,1225.6,25,0,2019-20,"Regular Season"
1627736,"Malik Beasley",1610612743,DEN,23,23,15,8,0.652,371.322,60,152,0.395,32,79,0.405,7,9,0.778,6,30,36,23,20,10,4,6,27,13,159,3,258.7,0,0,2019-20,"Regular Season"
1627737,"Marquese Chriss",1610612744,GSW,22,32,9,23,0.281,549.508,81,166,0.488,4,21,0.19,61,76,0.803,55,114,169,55,48,19,28,10,63,65,227,-115,605.3,3,0,2019-20,"Regular Season"
1627739,"Kris Dunn",1610612741,CHI,25,32,12,20,0.375,748.882,95,219,0.434,16,69,0.232,20,29,0.69,17,93,110,102,36,66,12,13,114,36,226,-8,709,0,0,2019-20,"Regular Season"
1627740,"Henry Ellenson",1610612751,BKN,22,4,2,2,0.5,13.6833,1,7,0.143,0,4,0,0,0,0,2,2,4,0,0,0,0,1,1,0,2,9,6.8,0,0,2019-20,"Regular Season"
1627741,"Buddy Hield",1610612758,SAC,27,31,12,19,0.387,1055.32,230,559,0.411,113,318,0.355,52,62,0.839,28,127,155,89,76,26,9,31,78,52,625,-42,973.5,1,0,2019-20,"Regular Season"
1627742,"Brandon Ingram",1610612740,NOP,22,28,7,21,0.25,952.005,252,515,0.489,66,161,0.41,137,162,0.846,24,175,199,105,81,25,22,20,83,153,707,-100,1163.3,6,0,2019-20,"Regular Season"
1627745,"Damian Jones",1610612737,ATL,24,29,5,24,0.172,521.83,82,120,0.683,2,6,0.333,37,53,0.698,46,65,111,20,18,12,27,19,94,54,203,-147,465.2,0,0,2019-20,"Regular Season"
1627746,"Skal Labissiere",1610612757,POR,23,32,14,18,0.438,564.173,81,146,0.555,3,12,0.25,25,33,0.758,65,103,168,42,30,7,31,7,87,34,190,15,538.6,1,0,2019-20,"Regular Season"
1627747,"Caris LeVert",1610612751,BKN,25,9,4,5,0.444,283.95,59,140,0.421,13,36,0.361,20,31,0.645,10,35,45,36,31,6,1,9,20,32,151,7,249,0,0,2019-20,"Regular Season"
1627748,"Thon Maker",1610612765,DET,22,30,12,18,0.4,338.955,34,66,0.515,8,20,0.4,33,51,0.647,19,41,60,14,18,9,18,4,43,39,109,-47,265,0,0,2019-20,"Regular Season"
1627749,"Dejounte Murray",1610612759,SAS,23,27,10,17,0.37,633.828,112,232,0.483,8,34,0.235,43,55,0.782,31,128,159,110,63,49,9,19,67,52,275,-113,741.8,3,0,2019-20,"Regular Season"
1627750,"Jamal Murray",1610612743,DEN,22,30,21,9,0.7,954.523,197,451,0.437,50,154,0.325,81,90,0.9,29,101,130,135,69,42,8,16,52,95,525,179,964.5,1,0,2019-20,"Regular Season"
1627751,"Jakob Poeltl",1610612759,SAS,24,30,12,18,0.4,545.225,72,121,0.595,0,0,0,22,42,0.524,63,109,172,52,26,16,43,15,52,47,166,71,601.4,1,0,2019-20,"Regular Season"
1627752,"Taurean Prince",1610612751,BKN,25,30,16,14,0.533,913.928,131,351,0.373,72,198,0.364,29,38,0.763,25,171,196,66,61,26,13,16,83,46,363,61,753.2,6,0,2019-20,"Regular Season"
1627756,"Denzel Valentine",1610612741,CHI,26,18,7,11,0.389,226.228,44,106,0.415,26,66,0.394,5,5,1,3,33,36,19,10,12,4,1,25,4,119,-4,228.7,0,0,2019-20,"Regular Season"
1627759,"Jaylen Brown",1610612738,BOS,23,26,19,7,0.731,869.31,201,386,0.521,57,143,0.399,79,105,0.752,26,157,183,63,52,27,9,29,81,81,538,127,908.1,3,0,2019-20,"Regular Season"
1627761,"DeAndre' Bembry",1610612737,ATL,25,31,6,25,0.194,698.157,82,175,0.469,11,45,0.244,20,39,0.513,30,93,123,70,42,38,14,14,57,38,195,-204,561.6,2,0,2019-20,"Regular Season"
1627763,"Malcolm Brogdon",1610612754,IND,27,26,17,9,0.654,816.387,171,378,0.452,37,111,0.333,98,105,0.933,17,101,118,198,71,23,5,25,54,82,477,88,928.6,7,0,2019-20,"Regular Season"
1627767,"Cheick Diallo",1610612756,PHX,23,20,7,13,0.35,190.34,45,65,0.692,1,1,1,18,21,0.857,14,41,55,10,12,2,4,3,21,17,109,-1,196,1,0,2019-20,"Regular Season"
1627774,"Jake Layman",1610612750,MIN,25,14,8,6,0.571,368.9,61,132,0.462,19,54,0.352,6,10,0.6,12,29,41,11,18,12,10,2,31,13,147,15,260.7,0,0,2019-20,"Regular Season"
1627775,"Patrick McCaw",1610612761,TOR,24,10,7,3,0.7,239.562,17,43,0.395,7,23,0.304,3,4,0.75,5,15,20,12,12,12,0,1,18,4,44,-44,110,0,0,2019-20,"Regular Season"
1627777,"Georges Niang",1610612762,UTA,26,25,16,9,0.64,295.973,41,88,0.466,23,56,0.411,7,10,0.7,5,38,43,10,13,4,3,2,34,11,112,-110,186.6,0,0,2019-20,"Regular Season"
1627780,"Gary Payton II",1610612764,WAS,27,2,1,1,0.5,64.8667,8,16,0.5,3,4,0.75,1,2,0.5,7,9,16,10,3,7,2,1,4,1,20,7,78.2,1,0,2019-20,"Regular Season"
1627783,"Pascal Siakam",1610612761,TOR,25,27,19,8,0.704,989.418,253,554,0.457,67,171,0.392,104,128,0.813,38,179,217,97,72,26,26,34,77,103,677,197,1166.9,9,0,2019-20,"Regular Season"
1627788,"Furkan Korkmaz",1610612755,PHI,22,33,22,11,0.667,687.137,102,233,0.438,54,140,0.386,19,25,0.76,7,66,73,25,22,18,7,4,48,31,277,76,455.1,0,0,2019-20,"Regular Season"
1627789,"Timothe Luwawu-Cabarrot",1610612751,BKN,24,8,3,5,0.375,123.683,10,28,0.357,3,12,0.25,9,10,0.9,1,10,11,3,8,3,1,6,10,7,32,-20,53.7,0,0,2019-20,"Regular Season"
1627790,"Ante Zizic",1610612739,CLE,22,10,0,10,0,95.5167,18,31,0.581,0,0,0,9,10,0.9,7,18,25,0,1,2,3,3,11,11,45,-4,89,0,0,2019-20,"Regular Season"
1627812,"Yogi Ferrell",1610612758,SAC,26,24,10,14,0.417,333.177,46,106,0.434,10,37,0.27,28,32,0.875,4,30,34,41,18,10,3,6,20,26,130,-17,253.3,0,0,2019-20,"Regular Season"
1627814,"Damion Lee",1610612744,GSW,27,19,6,13,0.316,471.43,72,177,0.407,24,68,0.353,58,65,0.892,17,78,95,41,22,16,0,7,36,64,226,21,427.5,2,0,2019-20,"Regular Season"
1627820,"Tyrone Wallace",1610612737,ATL,25,14,3,11,0.214,160.378,14,44,0.318,1,15,0.067,11,17,0.647,3,19,22,13,10,7,1,5,19,14,40,-32,99.9,0,0,2019-20,"Regular Season"
1627823,"Juancho Hernangomez",1610612743,DEN,24,18,11,7,0.611,224.563,25,64,0.391,12,39,0.308,7,13,0.538,11,30,41,11,10,1,3,2,15,20,69,24,136.7,0,0,2019-20,"Regular Season"
1627826,"Ivica Zubac",1610612746,LAC,22,33,23,10,0.697,559.59,107,181,0.591,0,2,0,61,84,0.726,74,138,212,30,31,7,30,17,78,57,275,66,654.4,4,0,2019-20,"Regular Season"
1627827,"Dorian Finney-Smith",1610612742,DAL,26,30,20,10,0.667,851.473,97,198,0.49,42,111,0.378,32,45,0.711,55,102,157,39,29,19,14,11,62,34,268,118,584.9,1,0,2019-20,"Regular Season"
1627832,"Fred VanVleet",1610612761,TOR,25,26,17,9,0.654,945.13,153,378,0.405,63,171,0.368,102,117,0.872,6,96,102,181,67,53,5,27,56,105,471,54,971.9,5,0,2019-20,"Regular Season"
1627846,"Abdel Nader",1610612760,OKC,26,24,14,10,0.583,435.513,60,127,0.472,26,65,0.4,24,30,0.8,8,34,42,17,23,9,9,4,36,24,170,-16,276.9,0,0,2019-20,"Regular Season"
1627853,"Ryan Arcidiacono",1610612741,CHI,25,32,12,20,0.375,490.973,44,112,0.393,28,67,0.418,18,24,0.75,14,41,55,50,18,14,2,8,54,44,134,-23,305,0,0,2019-20,"Regular Season"
1627854,"Bryn Forbes",1610612759,SAS,26,30,12,18,0.4,771.302,120,299,0.401,66,185,0.357,37,43,0.86,8,64,72,53,25,13,0,19,54,27,343,-132,522.9,0,0,2019-20,"Regular Season"
1627863,"Danuel House Jr.",1610612745,HOU,26,25,17,8,0.68,759.285,94,213,0.441,56,141,0.397,35,46,0.761,30,69,99,32,22,26,14,9,57,40,279,92,543.8,0,0,2019-20,"Regular Season"
1627884,"Derrick Jones Jr.",1610612748,MIA,22,17,13,4,0.765,371.365,48,94,0.511,9,33,0.273,28,38,0.737,14,47,61,16,12,18,9,5,40,35,133,13,299.2,0,0,2019-20,"Regular Season"
1627885,"Shaquille Harrison",1610612741,CHI,26,18,8,10,0.444,147.257,20,49,0.408,3,10,0.3,11,18,0.611,6,24,30,22,6,8,4,4,17,13,54,28,153,1,0,2019-20,"Regular Season"
1627936,"Alex Caruso",1610612747,LAL,25,29,23,6,0.793,583.413,56,129,0.434,20,59,0.339,25,33,0.758,6,55,61,49,26,31,8,10,43,49,157,119,394.7,0,0,2019-20,"Regular Season"
1627982,"Josh Gray",1610612740,NOP,26,2,1,1,0.5,22.7167,1,2,0.5,0,0,0,0,0,0,1,1,2,2,5,0,0,0,1,1,2,-7,2.4,0,0,2019-20,"Regular Season"
1628021,"David Nwaba",1610612751,BKN,26,20,8,12,0.4,268.46,37,71,0.521,12,28,0.429,18,27,0.667,8,37,45,8,8,11,12,6,32,19,104,35,231,0,0,2019-20,"Regular Season"
1628035,"Alfonzo McKinnie",1610612739,CLE,27,20,4,16,0.2,190.322,19,54,0.352,8,25,0.32,7,11,0.636,11,26,37,3,8,7,3,6,22,8,53,-28,123.9,0,0,2019-20,"Regular Season"
1628365,"Markelle Fultz",1610612753,ORL,21,30,14,16,0.467,782.143,144,301,0.478,14,51,0.275,49,67,0.731,12,72,84,126,58,34,7,18,60,52,351,-22,705.8,0,0,2019-20,"Regular Season"
1628366,"Lonzo Ball",1610612740,NOP,22,24,5,19,0.208,666.14,91,243,0.374,46,138,0.333,14,28,0.5,26,93,119,124,62,30,6,13,46,27,242,-115,616.8,2,0,2019-20,"Regular Season"
1628368,"De'Aaron Fox",1610612758,SAC,22,14,3,11,0.214,410.213,86,185,0.465,15,45,0.333,59,86,0.686,13,43,56,89,48,16,5,11,38,74,246,-48,461.7,2,0,2019-20,"Regular Season"
1628369,"Jayson Tatum",1610612738,BOS,21,29,22,7,0.759,988.225,228,543,0.42,74,204,0.363,95,112,0.848,36,170,206,83,62,39,24,22,65,99,625,281,1123.7,4,0,2019-20,"Regular Season"
1628370,"Malik Monk",1610612766,CHA,21,33,12,21,0.364,665.107,115,261,0.441,32,120,0.267,38,46,0.826,12,79,91,73,44,15,6,12,48,40,300,-56,537.7,1,0,2019-20,"Regular Season"
1628371,"Jonathan Isaac",1610612753,ORL,22,29,12,17,0.414,884.278,134,294,0.456,29,86,0.337,53,66,0.803,46,157,203,40,45,39,75,9,74,70,350,7,950.6,5,0,2019-20,"Regular Season"
1628372,"Dennis Smith Jr.",1610612752,NYK,22,21,3,18,0.143,338.525,41,126,0.325,12,41,0.293,15,30,0.5,13,31,44,57,30,10,7,9,44,27,109,-124,268.3,0,0,2019-20,"Regular Season"
1628373,"Frank Ntilikina",1610612752,NYK,21,30,8,22,0.267,682.245,65,171,0.38,25,75,0.333,16,20,0.8,11,48,59,86,37,35,11,7,80,26,171,-101,471.8,0,0,2019-20,"Regular Season"
1628374,"Lauri Markkanen",1610612741,CHI,22,32,12,20,0.375,973.545,156,380,0.411,64,193,0.332,93,113,0.823,34,182,216,55,58,28,20,27,63,93,469,-29,896.7,3,0,2019-20,"Regular Season"
1628378,"Donovan Mitchell",1610612762,UTA,23,31,19,12,0.613,1085.91,289,636,0.454,67,191,0.351,133,160,0.831,26,115,141,127,76,36,9,25,73,126,778,55,1196.7,1,0,2019-20,"Regular Season"
1628379,"Luke Kennard",1610612765,DET,23,28,11,17,0.393,921.923,151,342,0.442,73,183,0.399,67,75,0.893,9,89,98,115,43,12,6,13,65,54,442,-22,743.1,0,0,2019-20,"Regular Season"
1628380,"Zach Collins",1610612757,POR,22,3,2,1,0.667,86.3983,9,19,0.474,3,7,0.429,6,6,1,4,8,12,6,6,0,2,1,11,12,27,19,50.4,0,0,2019-20,"Regular Season"
1628381,"John Collins",1610612737,ATL,22,7,2,5,0.286,221.698,48,95,0.505,12,30,0.4,13,18,0.722,13,57,70,10,9,7,15,11,26,18,121,-33,277,2,0,2019-20,"Regular Season"
1628382,"Justin Jackson",1610612742,DAL,24,26,18,8,0.692,371.885,59,134,0.44,24,66,0.364,14,19,0.737,10,51,61,14,4,5,2,8,30,16,156,47,267.2,0,0,2019-20,"Regular Season"
1628383,"Justin Patton",1610612760,OKC,22,2,1,1,0.5,9.48333,1,3,0.333,0,1,0,0,0,0,0,2,2,0,1,0,0,0,4,0,2,-4,3.4,0,0,2019-20,"Regular Season"
1628384,"OG Anunoby",1610612761,TOR,22,30,20,10,0.667,905.642,134,268,0.5,41,113,0.363,30,48,0.625,31,143,174,49,38,34,26,27,74,44,339,116,763.3,3,0,2019-20,"Regular Season"
1628385,"Harry Giles III",1610612758,SAC,21,7,3,4,0.429,51.6667,11,25,0.44,0,0,0,2,2,1,3,4,7,5,5,2,3,1,13,5,24,-26,49.9,0,0,2019-20,"Regular Season"
1628386,"Jarrett Allen",1610612751,BKN,21,30,16,14,0.533,796.393,141,215,0.656,0,2,0,79,128,0.617,108,204,312,41,36,22,41,20,75,114,361,64,949.9,15,0,2019-20,"Regular Season"
1628388,"TJ Leaf",1610612754,IND,22,19,12,7,0.632,168.103,26,61,0.426,5,13,0.385,6,10,0.6,20,38,58,6,6,7,3,5,15,9,63,4,165.6,1,0,2019-20,"Regular Season"
1628389,"Bam Adebayo",1610612748,MIA,22,31,23,8,0.742,1058.59,181,316,0.573,1,9,0.111,126,183,0.689,82,252,334,145,89,45,39,26,81,159,489,146,1270.3,19,2,2019-20,"Regular Season"
1628390,"Terrance Ferguson",1610612760,OKC,21,25,13,12,0.52,663.337,47,117,0.402,31,90,0.344,7,9,0.778,16,33,49,25,19,14,6,2,85,21,132,-53,269.3,0,0,2019-20,"Regular Season"
1628391,"D.J. Wilson",1610612749,MIL,23,17,16,1,0.941,194.747,31,66,0.47,11,39,0.282,2,3,0.667,6,35,41,14,11,0,2,1,17,8,75,0,140.2,0,0,2019-20,"Regular Season"
1628392,"Isaiah Hartenstein",1610612745,HOU,21,9,7,2,0.778,103.072,11,16,0.688,0,1,0,9,11,0.818,8,18,26,5,6,3,4,1,17,10,31,33,84.7,0,0,2019-20,"Regular Season"
1628394,"Anzejs Pasecniks",1610612764,WAS,24,5,1,4,0.2,107.222,20,34,0.588,0,0,0,11,17,0.647,10,13,23,4,3,2,0,0,14,16,51,-10,87.6,0,0,2019-20,"Regular Season"
1628395,"Jordan Bell",1610612750,MIN,24,18,4,14,0.222,181.347,24,45,0.533,0,5,0,16,25,0.64,22,39,61,12,15,2,9,3,13,19,64,-22,173.2,0,0,2019-20,"Regular Season"
1628396,"Tony Bradley",1610612762,UTA,21,20,11,9,0.55,169.672,34,55,0.618,0,0,0,11,16,0.688,25,40,65,5,10,2,8,8,33,9,79,-23,184.5,0,0,2019-20,"Regular Season"
1628398,"Kyle Kuzma",1610612747,LAL,24,22,18,4,0.818,510.53,96,219,0.438,37,102,0.363,33,47,0.702,11,65,76,17,37,8,10,8,36,31,262,74,395.7,0,0,2019-20,"Regular Season"
1628400,"Semi Ojeleye",1610612738,BOS,25,29,22,7,0.759,433.713,26,67,0.388,15,42,0.357,7,10,0.7,10,46,56,14,6,11,2,6,35,18,74,0,195.2,0,0,2019-20,"Regular Season"
1628401,"Derrick White",1610612759,SAS,25,28,12,16,0.429,664.568,100,208,0.481,27,65,0.415,51,64,0.797,12,65,77,87,35,16,17,14,61,64,278,-25,564.9,0,0,2019-20,"Regular Season"
1628402,"Frank Jackson",1610612740,NOP,21,25,7,18,0.28,340.598,53,144,0.368,20,68,0.294,26,32,0.813,5,27,32,22,23,9,1,9,36,24,152,-88,230.4,0,0,2019-20,"Regular Season"
1628403,"Caleb Swanigan",1610612758,SAC,22,5,2,3,0.4,13.1333,1,2,0.5,0,0,0,1,2,0.5,1,4,5,0,4,1,2,0,3,1,3,5,14,0,0,2019-20,"Regular Season"
1628404,"Josh Hart",1610612740,NOP,24,25,5,20,0.2,694.548,95,227,0.419,58,157,0.369,35,43,0.814,23,127,150,35,33,24,7,11,67,37,283,-83,575.5,3,0,2019-20,"Regular Season"
1628405,"Johnathan Motley",1610612746,LAC,24,4,3,1,0.75,10.535,1,3,0.333,1,1,1,0,0,0,1,1,2,3,3,3,0,1,3,0,3,-2,15.9,0,0,2019-20,"Regular Season"
1628407,"Dwayne Bacon",1610612766,CHA,24,24,6,18,0.25,407.037,50,162,0.309,10,45,0.222,24,35,0.686,10,46,56,28,21,17,2,14,32,27,134,-106,279.2,0,0,2019-20,"Regular Season"
1628410,"Edmond Sumner",1610612754,IND,23,9,3,6,0.333,142.83,18,41,0.439,4,14,0.286,4,7,0.571,6,9,15,18,6,7,4,4,16,9,44,-38,116,0,0,2019-20,"Regular Season"
1628411,"Wes Iwundu",1610612753,ORL,25,17,8,9,0.471,232.747,16,55,0.291,1,13,0.077,17,20,0.85,8,25,33,16,7,9,4,6,16,11,50,8,145.6,0,0,2019-20,"Regular Season"
1628412,"Frank Mason",1610612749,MIL,25,4,4,0,1,17.7183,1,7,0.143,1,4,0.25,2,4,0.5,1,1,2,5,1,1,0,0,2,3,5,17,16.9,0,0,2019-20,"Regular Season"
1628413,"Jonah Bolden",1610612755,PHI,23,2,2,0,1,4.83333,1,1,1,0,0,0,0,2,0,0,0,0,0,1,1,0,0,0,1,2,-12,4,0,0,2019-20,"Regular Season"
1628415,"Dillon Brooks",1610612763,MEM,23,32,12,20,0.375,889.29,162,402,0.403,57,154,0.37,75,90,0.833,31,81,112,65,50,35,12,17,118,84,456,-104,778.9,0,0,2019-20,"Regular Season"
1628418,"Thomas Bryant",1610612764,WAS,22,18,6,12,0.333,510.705,101,184,0.549,10,35,0.286,39,53,0.736,42,111,153,48,24,8,18,7,44,46,251,-117,560.6,5,0,2019-20,"Regular Season"
1628420,"Monte Morris",1610612743,DEN,24,30,21,9,0.7,531.11,83,196,0.423,18,44,0.409,25,33,0.758,9,39,48,100,20,20,8,13,24,33,209,1,480.6,0,0,2019-20,"Regular Season"
1628422,"Damyean Dotson",1610612752,NYK,25,28,7,21,0.25,469.21,65,159,0.409,31,97,0.32,16,23,0.696,4,43,47,37,13,12,4,4,23,14,177,-48,323.9,0,0,2019-20,"Regular Season"
1628425,"Sterling Brown",1610612749,MIL,24,24,20,4,0.833,414.948,47,122,0.385,22,63,0.349,18,25,0.72,14,82,96,27,24,17,3,14,31,22,134,98,325.7,0,0,2019-20,"Regular Season"
1628427,"Vlatko Cancar",1610612743,DEN,22,3,1,2,0.333,4.77833,0,1,0,0,0,0,2,2,1,1,0,1,1,0,0,0,1,0,1,2,7,4.7,0,0,2019-20,"Regular Season"
1628430,"Nigel Williams-Goss",1610612762,UTA,25,7,3,4,0.429,21.555,0,5,0,0,1,0,2,2,1,1,1,2,2,1,0,1,1,1,1,2,-1,9.4,0,0,2019-20,"Regular Season"
1628436,"Luke Kornet",1610612741,CHI,24,15,4,11,0.267,142.972,15,48,0.313,5,27,0.185,5,5,1,6,16,22,6,3,2,10,2,13,5,40,-32,108.4,0,0,2019-20,"Regular Season"
1628443,"Kadeem Allen",1610612752,NYK,26,2,1,1,0.5,17.7167,3,7,0.429,3,5,0.6,0,0,0,0,0,0,2,2,1,0,1,2,0,9,-11,13,0,0,2019-20,"Regular Season"
1628449,"Chris Boucher",1610612761,TOR,26,28,20,8,0.714,352.082,58,126,0.46,15,44,0.341,45,59,0.763,54,64,118,11,10,9,23,8,44,47,176,43,420.1,3,0,2019-20,"Regular Season"
1628464,"Daniel Theis",1610612738,BOS,27,26,19,7,0.731,562.798,76,142,0.535,9,28,0.321,26,37,0.703,43,119,162,35,22,13,40,13,87,52,187,100,570.9,1,0,2019-20,"Regular Season"
1628467,"Maxi Kleber",1610612742,DAL,27,29,19,10,0.655,700.472,83,185,0.449,41,108,0.38,32,36,0.889,47,111,158,29,22,8,20,5,64,36,239,52,534.1,0,0,2019-20,"Regular Season"
1628470,"Torrey Craig",1610612743,DEN,29,21,17,4,0.81,258.7,24,61,0.393,7,29,0.241,7,13,0.538,13,31,44,15,8,7,12,3,35,11,62,-42,186.3,0,0,2019-20,"Regular Season"
1628476,"Derrick Walton Jr.",1610612746,LAC,24,15,10,5,0.667,149.977,11,22,0.5,6,14,0.429,6,7,0.857,2,8,10,17,3,4,0,0,12,6,34,28,80.5,0,0,2019-20,"Regular Season"
1628513,"Naz Mitrou-Long",1610612754,IND,26,3,2,1,0.667,42.5167,6,16,0.375,2,11,0.182,0,0,0,0,6,6,7,2,1,1,0,1,3,14,18,35.7,0,0,2019-20,"Regular Season"
1628518,"Amile Jefferson",1610612753,ORL,26,7,2,5,0.286,19.1767,3,4,0.75,0,0,0,0,2,0,3,4,7,2,2,0,0,0,3,1,6,0,15.4,0,0,2019-20,"Regular Season"
1628960,"Grayson Allen",1610612763,MEM,24,17,5,12,0.294,307.897,51,114,0.447,23,57,0.404,16,19,0.842,2,39,41,25,16,5,1,7,25,23,141,-44,229.7,0,0,2019-20,"Regular Season"
1628961,"Kostas Antetokounmpo",1610612747,LAL,22,2,2,0,1,2.805,0,0,0,0,0,0,0,0,0,0,1,1,0,0,0,0,0,0,0,0,2,1.2,0,0,2019-20,"Regular Season"
1628963,"Marvin Bagley III",1610612758,SAC,20,9,2,7,0.222,212.183,50,109,0.459,3,14,0.214,20,25,0.8,18,44,62,6,13,4,8,11,26,27,123,-57,229.4,2,0,2019-20,"Regular Season"
1628964,"Mo Bamba",1610612753,ORL,21,28,13,15,0.464,435.957,67,149,0.45,20,55,0.364,10,15,0.667,42,102,144,17,28,9,37,11,55,19,164,21,472.3,1,0,2019-20,"Regular Season"
1628966,"Keita Bates-Diop",1610612750,MIN,23,18,4,14,0.222,323.472,44,96,0.458,20,49,0.408,14,21,0.667,8,38,46,8,6,8,7,6,16,15,122,-84,228.2,0,0,2019-20,"Regular Season"
1628968,"Brian Bowen II",1610612754,IND,21,3,2,1,0.667,9.68333,1,4,0.25,0,1,0,0,0,0,0,1,1,0,0,0,1,0,0,1,2,3,6.2,0,0,2019-20,"Regular Season"
1628969,"Mikal Bridges",1610612756,PHX,23,31,11,20,0.355,671.683,75,153,0.49,16,52,0.308,44,55,0.8,28,92,120,40,25,41,11,13,56,53,210,13,545,0,0,2019-20,"Regular Season"
1628970,"Miles Bridges",1610612766,CHA,21,34,13,21,0.382,1038.19,161,366,0.44,52,146,0.356,42,55,0.764,39,136,175,59,53,20,26,23,75,50,416,-323,799.5,1,0,2019-20,"Regular Season"
1628971,"Bruce Brown",1610612765,DET,23,31,12,19,0.387,819.628,100,223,0.448,19,52,0.365,38,59,0.644,29,108,137,115,58,34,16,22,84,50,257,-27,685.9,1,0,2019-20,"Regular Season"
1628972,"Troy Brown Jr.",1610612764,WAS,20,27,8,19,0.296,639.805,100,212,0.472,17,55,0.309,36,47,0.766,35,110,145,61,28,35,4,19,44,36,253,-74,607.5,1,0,2019-20,"Regular Season"
1628973,"Jalen Brunson",1610612742,DAL,23,30,20,10,0.667,545.922,101,208,0.486,25,71,0.352,31,41,0.756,16,65,81,112,38,14,1,5,40,62,258,111,530.2,2,0,2019-20,"Regular Season"
1628975,"Jevon Carter",1610612756,PHX,24,21,9,12,0.429,309.518,29,80,0.363,16,46,0.348,6,8,0.75,11,33,44,37,17,20,6,3,34,14,80,10,249.3,0,0,2019-20,"Regular Season"
1628976,"Wendell Carter Jr.",1610612741,CHI,20,32,12,20,0.375,965.04,145,264,0.549,3,19,0.158,82,114,0.719,109,205,314,33,50,25,29,28,128,109,375,22,913.3,14,0,2019-20,"Regular Season"
1628977,"Hamidou Diallo",1610612760,OKC,21,12,4,8,0.333,256.353,46,92,0.5,2,13,0.154,11,18,0.611,14,32,46,10,14,18,4,10,29,19,105,11,227.2,1,0,2019-20,"Regular Season"
1628978,"Donte DiVincenzo",1610612749,MIL,22,30,27,3,0.9,664.605,95,219,0.434,34,102,0.333,29,36,0.806,26,105,131,65,33,48,8,12,52,44,253,266,642.7,0,0,2019-20,"Regular Season"
1628980,"Jacob Evans",1610612744,GSW,22,12,5,7,0.417,161.122,17,56,0.304,7,15,0.467,12,13,0.923,2,12,14,11,10,2,4,6,19,11,53,-42,94.3,0,0,2019-20,"Regular Season"
1628981,"Bruno Fernando",1610612737,ATL,21,31,6,25,0.194,366.642,47,95,0.495,4,22,0.182,19,32,0.594,34,65,99,32,29,8,11,13,52,34,117,-49,311.8,0,0,2019-20,"Regular Season"
1628982,"Melvin Frazier Jr.",1610612753,ORL,23,6,2,4,0.333,17.435,3,10,0.3,2,4,0.5,0,0,0,1,1,2,1,0,0,0,1,3,0,8,-8,11.9,0,0,2019-20,"Regular Season"
1628983,"Shai Gilgeous-Alexander",1610612760,OKC,21,31,16,15,0.516,1091.7,218,483,0.451,40,113,0.354,125,155,0.806,19,134,153,89,64,35,13,36,55,139,601,1,998.1,0,0,2019-20,"Regular Season"
1628984,"Devonte' Graham",1610612766,CHA,24,34,13,21,0.382,1180.42,207,542,0.382,128,322,0.398,110,138,0.797,33,99,132,259,103,28,10,23,62,146,652,-54,1209.9,9,0,2019-20,"Regular Season"
1628985,"Devon Hall",1610612760,OKC,24,5,3,2,0.6,19.7367,1,5,0.2,0,2,0,3,4,0.75,0,1,1,3,1,0,0,0,1,3,5,20,9.7,0,0,2019-20,"Regular Season"
1628987,"Kevin Hervey",1610612760,OKC,23,1,0,1,0,1.3,0,1,0,0,0,0,0,0,0,0,0,0,0,0,0,0,0,0,0,0,-2,0,0,0,2019-20,"Regular Season"
1628988,"Aaron Holiday",1610612754,IND,23,30,21,9,0.7,684.673,118,273,0.432,49,119,0.412,29,34,0.853,11,65,76,94,39,26,3,12,51,52,314,69,594.2,2,0,2019-20,"Regular Season"
1628989,"Kevin Huerter",1610612737,ATL,21,21,5,16,0.238,527.103,70,175,0.4,38,103,0.369,23,28,0.821,11,59,70,70,33,20,9,4,45,20,201,-87,444,0,0,2019-20,"Regular Season"
1628990,"Chandler Hutchison",1610612741,CHI,23,9,2,7,0.222,153.52,20,44,0.455,5,12,0.417,19,29,0.655,1,32,33,8,12,5,2,2,12,25,64,-19,124.6,0,0,2019-20,"Regular Season"
1628991,"Jaren Jackson Jr.",1610612763,MEM,20,31,12,19,0.387,862.65,198,421,0.47,80,199,0.402,71,95,0.747,32,108,140,49,56,21,41,35,126,105,547,-153,918.5,1,0,2019-20,"Regular Season"
1628993,"Alize Johnson",1610612754,IND,23,9,8,1,0.889,39.1767,5,11,0.455,0,0,0,3,4,0.75,6,6,12,2,1,0,0,2,6,6,13,-5,29.4,0,0,2019-20,"Regular Season"
1628995,"Kevin Knox II",1610612752,NYK,20,31,8,23,0.258,623.083,85,220,0.386,40,116,0.345,38,56,0.679,12,78,90,37,25,18,16,4,50,40,248,-141,488.5,0,0,2019-20,"Regular Season"
1628997,"Caleb Martin",1610612766,CHA,24,5,0,5,0,31.8,3,10,0.3,0,3,0,3,5,0.6,1,4,5,3,3,1,2,0,3,3,9,-3,25.5,0,0,2019-20,"Regular Season"
1628998,"Cody Martin",1610612766,CHA,24,25,9,16,0.36,377.35,35,85,0.412,7,33,0.212,28,40,0.7,12,56,68,32,14,21,4,3,41,50,105,25,295.6,0,0,2019-20,"Regular Season"
1629001,"De'Anthony Melton",1610612763,MEM,21,21,7,14,0.333,346.103,50,117,0.427,11,31,0.355,31,37,0.838,18,62,80,67,34,28,4,9,40,33,142,49,400.5,0,0,2019-20,"Regular Season"
1629002,"Chimezie Metu",1610612759,SAS,22,9,4,5,0.444,33.92,11,20,0.55,0,0,0,2,4,0.5,8,8,16,2,1,1,3,2,1,3,24,3,57.2,0,0,2019-20,"Regular Season"
1629003,"Shake Milton",1610612755,PHI,23,10,9,1,0.9,83.2367,13,36,0.361,4,19,0.211,7,9,0.778,1,7,8,7,12,1,0,0,13,7,37,-13,48.1,0,0,2019-20,"Regular Season"
1629004,"Svi Mykhailiuk",1610612765,DET,22,27,10,17,0.37,468.72,55,137,0.401,43,100,0.43,11,14,0.786,6,30,36,39,22,13,2,10,36,17,164,50,288.7,0,0,2019-20,"Regular Season"
1629006,"Josh Okogie",1610612750,MIN,21,28,11,17,0.393,686.523,71,178,0.399,20,71,0.282,67,85,0.788,38,92,130,40,42,25,11,19,60,67,229,-37,511,0,0,2019-20,"Regular Season"
1629008,"Michael Porter Jr.",1610612743,DEN,21,21,16,5,0.762,178.533,36,81,0.444,9,27,0.333,8,11,0.727,17,38,55,9,13,1,7,7,25,10,89,-39,179.5,0,0,2019-20,"Regular Season"
1629010,"Jerome Robinson",1610612746,LAC,22,25,17,8,0.68,304.97,34,99,0.343,13,46,0.283,6,13,0.462,3,38,41,25,18,7,7,4,36,11,87,56,197.7,0,0,2019-20,"Regular Season"
1629011,"Mitchell Robinson",1610612752,NYK,21,28,7,21,0.25,640.477,115,168,0.685,0,0,0,52,82,0.634,90,108,198,15,19,22,54,14,100,71,282,-107,751.1,3,0,2019-20,"Regular Season"
1629012,"Collin Sexton",1610612739,CLE,20,31,9,22,0.29,945.105,217,479,0.453,26,94,0.277,95,115,0.826,31,66,97,75,60,30,2,56,64,122,555,-200,819.9,0,0,2019-20,"Regular Season"
1629013,"Landry Shamet",1610612746,LAC,22,16,10,6,0.625,436.387,46,111,0.414,31,82,0.378,20,21,0.952,1,28,29,26,16,7,4,5,49,16,143,2,233.8,0,0,2019-20,"Regular Season"
1629014,"Anfernee Simons",1610612757,POR,20,32,14,18,0.438,694.058,114,273,0.418,40,120,0.333,36,47,0.766,13,64,77,44,29,12,5,21,70,42,304,-121,484.4,1,0,2019-20,"Regular Season"
1629016,"Omari Spellman",1610612744,GSW,22,31,8,23,0.258,515.5,74,173,0.428,19,54,0.352,39,48,0.813,61,94,155,26,36,17,17,12,30,37,206,-46,497,1,0,2019-20,"Regular Season"
1629017,"Khyri Thomas",1610612765,DET,23,2,1,1,0.5,5.61667,0,0,0,0,0,0,1,2,0.5,0,0,0,0,0,0,0,0,0,1,1,-4,1,0,0,2019-20,"Regular Season"
1629018,"Gary Trent Jr.",1610612757,POR,20,19,8,11,0.421,208.337,23,64,0.359,16,42,0.381,4,4,1,5,19,24,9,7,6,3,2,17,8,66,-6,128.3,0,0,2019-20,"Regular Season"
1629019,"Allonzo Trier",1610612752,NYK,23,15,1,14,0.067,198.605,34,64,0.531,15,35,0.429,31,39,0.795,1,20,21,21,19,2,4,4,23,25,114,-68,169.7,0,0,2019-20,"Regular Season"
1629020,"Jarred Vanderbilt",1610612743,DEN,20,3,2,1,0.667,9.21667,0,0,0,0,0,0,0,0,0,0,2,2,1,1,0,0,0,0,0,0,1,2.9,0,0,2019-20,"Regular Season"
1629021,"Moritz Wagner",1610612764,WAS,22,21,7,14,0.333,429.125,93,160,0.581,22,56,0.393,36,43,0.837,34,93,127,28,43,15,13,11,81,62,244,-32,479.4,2,0,2019-20,"Regular Season"
1629022,"Lonnie Walker IV",1610612759,SAS,21,22,10,12,0.455,218.007,40,90,0.444,8,22,0.364,13,22,0.591,8,28,36,12,14,6,3,3,21,17,101,35,175.2,0,0,2019-20,"Regular Season"
1629023,"P.J. Washington",1610612766,CHA,21,29,12,17,0.414,860.56,134,279,0.48,39,98,0.398,50,73,0.685,27,125,152,49,39,28,27,16,78,73,357,-55,738.9,2,0,2019-20,"Regular Season"
1629026,"Kenrich Williams",1610612740,NOP,25,30,9,21,0.3,732.442,49,139,0.353,25,94,0.266,9,24,0.375,47,119,166,51,20,22,21,5,74,29,132,-32,516.7,0,0,2019-20,"Regular Season"
1629027,"Trae Young",1610612737,ATL,21,31,6,25,0.194,1081.87,288,649,0.444,106,288,0.368,201,238,0.845,16,117,133,257,146,38,2,34,47,222,883,-198,1402.1,9,1,2019-20,"Regular Season"
1629028,"Deandre Ayton",1610612756,PHX,21,2,1,1,0.5,57.6217,18,33,0.545,0,0,0,0,1,0,10,13,23,3,2,1,5,1,4,3,36,16,84.1,2,0,2019-20,"Regular Season"
1629029,"Luka Doncic",1610612742,DAL,20,26,18,8,0.692,837.02,245,514,0.477,77,239,0.322,189,237,0.797,35,214,249,230,112,31,3,16,60,179,756,166,1389.8,17,8,2019-20,"Regular Season"
1629033,"Theo Pinson",1610612751,BKN,24,20,11,9,0.55,272.727,33,115,0.287,12,58,0.207,13,14,0.929,8,33,41,39,27,9,2,11,27,23,91,-33,204.7,0,0,2019-20,"Regular Season"
1629035,"Carsen Edwards",1610612738,BOS,21,23,18,5,0.783,244.09,27,85,0.318,17,52,0.327,11,13,0.846,5,32,37,17,13,8,2,3,23,10,82,-31,168.9,0,0,2019-20,"Regular Season"
1629044,"Shamorie Ponds",1610612761,TOR,21,3,3,0,1,8.63333,2,4,0.5,0,1,0,0,0,0,0,1,1,2,0,0,1,0,2,0,4,-2,11.2,0,0,2019-20,"Regular Season"
1629048,"Goga Bitadze",1610612754,IND,20,24,15,9,0.625,247.665,29,63,0.46,4,15,0.267,14,19,0.737,17,41,58,15,13,1,22,2,40,13,76,-6,224.1,1,0,2019-20,"Regular Season"
1629052,"Oshae Brissett",1610612761,TOR,21,6,5,1,0.833,21.2,1,3,0.333,1,1,1,0,0,0,0,1,1,1,2,1,1,0,1,0,3,2,9.7,0,0,2019-20,"Regular Season"
1629056,"Terence Davis",1610612761,TOR,22,31,21,10,0.677,501.082,72,156,0.462,34,86,0.395,23,24,0.958,16,73,89,57,26,15,6,9,51,19,201,130,430.3,0,0,2019-20,"Regular Season"
1629057,"Robert Williams III",1610612738,BOS,22,19,14,5,0.737,268.807,33,49,0.673,0,0,0,8,14,0.571,23,64,87,21,16,17,21,0,34,17,74,2,307.9,0,0,2019-20,"Regular Season"
1629058,"Dzanan Musa",1610612751,BKN,20,23,12,11,0.522,306.83,32,100,0.32,9,50,0.18,23,31,0.742,10,41,51,24,24,9,1,8,17,27,96,-34,199.2,0,0,2019-20,"Regular Season"
1629059,"Elie Okobo",1610612756,PHX,22,22,8,14,0.364,253.148,39,88,0.443,12,33,0.364,24,39,0.615,4,22,26,48,9,10,2,0,20,30,114,17,244.2,0,0,2019-20,"Regular Season"
1629060,"Rui Hachimura",1610612764,WAS,21,25,8,17,0.32,729.41,146,303,0.482,10,48,0.208,46,54,0.852,39,106,145,40,20,18,3,31,57,46,348,-204,625,2,0,2019-20,"Regular Season"
1629065,"Ky Bowman",1610612744,GSW,22,29,8,21,0.276,661.128,92,211,0.436,28,72,0.389,22,24,0.917,15,64,79,84,36,24,5,10,63,36,234,-33,505.8,0,0,2019-20,"Regular Season"
1629066,"Rodions Kurucs",1610612751,BKN,21,15,5,10,0.333,152.857,15,36,0.417,6,12,0.5,5,10,0.5,8,28,36,4,16,6,1,5,23,9,41,-31,95.2,0,0,2019-20,"Regular Season"
1629067,"Isaac Bonga",1610612764,WAS,20,25,7,18,0.28,389.96,32,69,0.464,5,18,0.278,17,23,0.739,20,48,68,29,16,15,5,3,53,32,86,-37,255.1,0,0,2019-20,"Regular Season"
1629076,"Tyler Cook",1610612739,CLE,22,6,2,4,0.333,17.105,5,6,0.833,0,0,0,2,2,1,3,2,5,0,1,1,0,0,1,2,12,-6,20,0,0,2019-20,"Regular Season"
1629103,"Kelan Martin",1610612750,MIN,24,11,5,6,0.455,144.087,19,52,0.365,8,30,0.267,0,0,0,3,24,27,5,5,2,1,0,22,2,46,-18,89.9,0,0,2019-20,"Regular Season"
1629109,"Gary Clark",1610612745,HOU,25,16,11,5,0.688,183.532,20,54,0.37,15,46,0.326,6,7,0.857,9,22,31,10,1,2,6,1,19,7,61,17,136.2,0,0,2019-20,"Regular Season"
1629117,"Wenyen Gabriel",1610612758,SAC,22,7,1,6,0.143,46.5667,5,16,0.313,1,8,0.125,5,9,0.556,4,4,8,3,3,2,2,1,6,6,16,-7,39.1,0,0,2019-20,"Regular Season"
1629126,"Deonte Burton",1610612760,OKC,25,16,8,8,0.5,144.593,17,48,0.354,5,23,0.217,3,5,0.6,4,21,25,5,4,1,3,2,13,8,42,-15,87.5,0,0,2019-20,"Regular Season"
1629130,"Duncan Robinson",1610612748,MIA,25,31,23,8,0.742,846.222,125,260,0.481,101,222,0.455,19,20,0.95,5,90,95,29,18,19,10,4,85,24,370,79,596.5,1,0,2019-20,"Regular Season"
1629133,"Daryl Macon",1610612748,MIA,24,4,4,0,1,14.1,1,3,0.333,1,2,0.5,0,0,0,0,0,0,1,2,0,0,0,1,0,3,0,2.5,0,0,2019-20,"Regular Season"
1629134,"Kendrick Nunn",1610612748,MIA,24,31,23,8,0.742,955.56,201,446,0.451,66,187,0.353,36,46,0.783,9,77,86,111,61,30,7,25,76,45,504,104,823.7,0,0,2019-20,"Regular Season"
1629139,"Yuta Watanabe",1610612763,MEM,25,4,1,3,0.25,18.3167,3,6,0.5,1,2,0.5,0,0,0,1,4,5,0,1,0,1,0,1,0,7,13,15,0,0,2019-20,"Regular Season"
1629140,"Johnathan Williams",1610612764,WAS,24,1,0,1,0,32.6167,4,6,0.667,0,0,0,1,1,1,3,5,8,2,0,0,1,1,2,3,9,-16,24.6,0,0,2019-20,"Regular Season"
1629151,"Ryan Broekhoff",1610612742,DAL,29,8,6,2,0.75,63.4683,9,20,0.45,8,15,0.533,5,6,0.833,0,11,11,4,2,1,0,2,6,3,31,5,51.2,0,0,2019-20,"Regular Season"
1629162,"Jordan McLaughlin",1610612750,MIN,23,5,2,3,0.4,79.565,11,28,0.393,4,14,0.286,4,4,1,1,8,9,12,4,4,0,3,5,8,30,-17,66.8,0,0,2019-20,"Regular Season"
1629164,"Brandon Goodwin",1610612737,ATL,24,3,1,2,0.333,19.65,0,7,0,0,5,0,0,0,0,0,3,3,2,2,1,0,0,2,1,0,-3,7.6,0,0,2019-20,"Regular Season"
1629168,"BJ Johnson",1610612753,ORL,24,1,1,0,1,2.58333,0,0,0,0,0,0,0,0,0,0,0,0,0,0,0,0,0,0,0,0,-7,0,0,0,2019-20,"Regular Season"
1629185,"Chris Chiozza",1610612764,WAS,24,10,2,8,0.2,122.568,10,34,0.294,7,16,0.438,0,0,0,0,15,15,28,9,10,2,4,12,3,27,49,114,0,0,2019-20,"Regular Season"
1629234,"Drew Eubanks",1610612759,SAS,22,4,3,1,0.75,31.1167,5,10,0.5,0,0,0,1,1,1,5,8,13,2,4,0,1,2,4,2,11,-34,28.6,0,0,2019-20,"Regular Season"
1629346,"Alen Smailagic",1610612744,GSW,19,1,1,0,1,4.76667,2,3,0.667,0,1,0,0,0,0,1,0,1,0,0,0,1,0,0,0,4,-1,8.2,0,0,2019-20,"Regular Season"
1629597,"Zylan Cheatham",1610612740,NOP,24,2,1,1,0.5,19.7333,1,4,0.25,0,1,0,0,0,0,0,3,3,1,1,0,0,0,3,0,2,-23,6.1,0,0,2019-20,"Regular Season"
1629598,"Chris Clemons",1610612745,HOU,22,20,13,7,0.65,163.922,34,79,0.43,25,64,0.391,3,4,0.75,2,12,14,6,8,5,4,4,16,9,96,8,140.8,0,0,2019-20,"Regular Season"
1629605,"Tacko Fall",1610612738,BOS,24,3,3,0,1,10.75,6,8,0.75,0,0,0,1,2,0.5,0,7,7,0,3,0,2,0,3,1,13,-2,24.4,0,0,2019-20,"Regular Season"
1629607,"Jared Harper",1610612756,PHX,22,1,1,0,1,1.98333,0,1,0,0,1,0,0,0,0,0,0,0,0,0,0,0,0,0,0,0,-1,0,0,0,2019-20,"Regular Season"
1629608,"Dewan Hernandez",1610612761,TOR,23,4,4,0,1,11.35,1,5,0.2,0,1,0,2,2,1,2,5,7,0,1,1,0,0,6,1,4,1,14.4,0,0,2019-20,"Regular Season"
1629610,"DaQuan Jeffries",1610612758,SAC,22,2,0,2,0,10.8567,1,1,1,0,0,0,0,0,0,1,0,1,1,0,0,0,0,1,1,2,5,4.7,0,0,2019-20,"Regular Season"
1629611,"Terance Mann",1610612746,LAC,23,22,15,7,0.682,203.143,21,42,0.5,2,9,0.222,8,10,0.8,3,22,25,28,12,6,3,4,26,11,52,14,139,0,0,2019-20,"Regular Season"
1629620,"Justin Robinson",1610612764,WAS,22,8,2,6,0.25,44.8367,5,11,0.455,3,5,0.6,0,0,0,1,4,5,6,3,0,1,0,2,1,13,30,28,0,0,2019-20,"Regular Season"
1629622,"Max Strus",1610612741,CHI,23,2,0,2,0,6.23333,2,3,0.667,0,1,0,1,1,1,1,0,1,0,0,0,0,0,1,0,5,15,6.2,0,0,2019-20,"Regular Season"
1629628,"RJ Barrett",1610612752,NYK,19,31,8,23,0.258,981.392,160,411,0.389,33,107,0.308,73,133,0.549,34,130,164,88,67,34,13,34,69,102,426,-185,828.8,2,0,2019-20,"Regular Season"
1629629,"Cam Reddish",1610612737,ATL,20,29,6,23,0.207,749.643,86,262,0.328,31,116,0.267,45,59,0.763,18,93,111,42,52,29,12,29,55,58,248,-182,515.2,0,0,2019-20,"Regular Season"
1629630,"Ja Morant",1610612763,MEM,20,26,11,15,0.423,760.158,173,369,0.469,24,61,0.393,96,121,0.793,18,66,84,166,81,29,8,44,44,102,466,-72,845.8,4,0,2019-20,"Regular Season"
1629631,"De'Andre Hunter",1610612737,ATL,22,31,6,25,0.194,985.135,143,355,0.403,51,153,0.333,58,76,0.763,15,105,120,57,49,21,9,34,83,66,395,-160,665.5,1,0,2019-20,"Regular Season"
1629632,"Coby White",1610612741,CHI,19,32,12,20,0.375,765.008,128,357,0.359,59,174,0.339,40,50,0.8,9,103,112,75,45,23,3,29,40,47,355,-82,634.9,0,0,2019-20,"Regular Season"
1629633,"Jarrett Culver",1610612750,MIN,20,29,11,18,0.379,636.947,89,247,0.36,23,98,0.235,24,56,0.429,30,61,91,57,33,25,16,21,55,42,225,-84,509.7,0,0,2019-20,"Regular Season"
1629634,"Brandon Clarke",1610612763,MEM,23,26,11,15,0.423,554.157,143,221,0.647,15,32,0.469,30,40,0.75,37,111,148,32,27,11,21,9,44,29,331,-81,625.6,1,0,2019-20,"Regular Season"
1629635,"Sekou Doumbouya",1610612765,DET,19,6,2,4,0.333,22.12,4,11,0.364,0,3,0,1,3,0.333,0,4,4,0,1,1,0,1,3,2,9,9,15.8,0,0,2019-20,"Regular Season"
1629636,"Darius Garland",1610612739,CLE,19,31,9,22,0.29,873.312,130,335,0.388,54,147,0.367,29,33,0.879,13,50,63,90,78,20,0,21,43,44,343,-210,535.6,0,0,2019-20,"Regular Season"
1629637,"Jaxson Hayes",1610612740,NOP,19,29,9,20,0.31,600.973,93,148,0.628,1,4,0.25,59,92,0.641,55,80,135,25,26,19,33,10,90,72,246,17,575.5,1,0,2019-20,"Regular Season"
1629638,"Nickeil Alexander-Walker",1610612740,NOP,21,26,8,18,0.308,337.013,53,160,0.331,28,84,0.333,11,16,0.688,4,50,54,46,26,9,4,12,30,24,145,-38,291.8,0,0,2019-20,"Regular Season"
1629639,"Tyler Herro",1610612748,MIA,19,30,22,8,0.733,859.988,151,358,0.422,61,159,0.384,53,61,0.869,9,119,128,66,57,21,3,13,39,53,416,35,683.6,0,0,2019-20,"Regular Season"
1629640,"Keldon Johnson",1610612759,SAS,20,1,0,1,0,2.31667,0,1,0,0,0,0,0,0,0,0,0,0,0,0,0,0,0,0,0,0,0,0,0,0,2019-20,"Regular Season"
1629641,"Romeo Langford",1610612738,BOS,20,6,6,0,1,82.1967,7,16,0.438,2,7,0.286,3,4,0.75,4,3,7,1,2,3,2,1,6,2,19,47,41.9,0,0,2019-20,"Regular Season"
1629642,"Nassir Little",1610612757,POR,19,21,9,12,0.429,298.232,32,79,0.405,5,30,0.167,16,24,0.667,21,46,67,12,9,8,7,8,38,19,85,-23,219.4,1,0,2019-20,"Regular Season"
1629644,"KZ Okpala",1610612748,MIA,20,3,2,1,0.667,3.46333,0,0,0,0,0,0,0,0,0,0,1,1,0,1,0,0,0,0,0,0,-7,0.2,0,0,2019-20,"Regular Season"
1629645,"Kevin Porter Jr.",1610612739,CLE,19,30,9,21,0.3,640.372,95,212,0.448,26,80,0.325,35,45,0.778,10,85,95,59,50,27,5,17,76,37,251,-190,499.5,0,0,2019-20,"Regular Season"
1629647,"Darius Bazley",1610612760,OKC,19,31,16,15,0.516,523.88,42,122,0.344,18,64,0.281,13,20,0.65,11,104,115,17,27,12,19,14,34,15,115,-40,344.5,0,0,2019-20,"Regular Season"
1629648,"Jordan Bone",1610612765,DET,22,3,1,2,0.333,6.21667,2,5,0.4,0,1,0,0,0,0,0,0,0,0,2,0,0,0,2,0,4,-1,2,0,0,2019-20,"Regular Season"
1629649,"Ignas Brazdeikis",1610612752,NYK,20,8,1,7,0.125,48.2667,5,20,0.25,1,8,0.125,3,4,0.75,2,3,5,2,2,0,1,0,3,2,14,-11,24,0,0,2019-20,"Regular Season"
1629650,"Moses Brown",1610612757,POR,20,4,3,1,0.75,15.1517,3,7,0.429,0,0,0,2,4,0.5,2,7,9,0,1,1,0,0,4,2,8,-14,20.8,0,0,2019-20,"Regular Season"
1629651,"Nicolas Claxton",1610612751,BKN,20,9,4,5,0.444,118.733,11,21,0.524,0,5,0,5,12,0.417,8,14,22,11,6,1,5,1,10,12,27,-31,81.9,0,0,2019-20,"Regular Season"
1629652,"Luguentz Dort",1610612760,OKC,20,6,4,2,0.667,98.23,7,19,0.368,1,11,0.091,5,9,0.556,1,8,9,3,2,2,0,1,15,9,20,3,39.3,0,0,2019-20,"Regular Season"
1629655,"Daniel Gafford",1610612741,CHI,21,22,9,13,0.409,239.665,40,55,0.727,0,0,0,13,25,0.52,18,20,38,6,5,1,26,2,38,21,93,-23,223.6,0,0,2019-20,"Regular Season"
1629658,"Jaylen Hoard",1610612757,POR,20,5,4,1,0.8,17.9183,3,6,0.5,0,0,0,1,2,0.5,3,4,7,2,0,1,0,0,1,1,7,-8,21.4,0,0,2019-20,"Regular Season"
1629659,"Talen Horton-Tucker",1610612747,LAL,19,2,1,1,0.5,5.31667,0,1,0,0,1,0,0,0,0,0,0,0,2,0,1,0,0,0,0,0,-7,6,0,0,2019-20,"Regular Season"
1629660,"Ty Jerome",1610612756,PHX,22,10,3,7,0.3,133.867,16,49,0.327,6,20,0.3,4,5,0.8,3,14,17,22,9,11,0,6,13,5,42,-69,119.4,0,0,2019-20,"Regular Season"
1629661,"Cameron Johnson",1610612756,PHX,23,28,10,18,0.357,599.095,87,203,0.429,57,141,0.404,23,29,0.793,28,64,92,30,18,16,8,8,45,27,254,-52,463.4,0,0,2019-20,"Regular Season"
1629662,"Mfiondu Kabengele",1610612746,LAC,22,10,8,2,0.8,44.3167,10,22,0.455,6,12,0.5,3,3,1,1,7,8,1,1,1,1,4,6,3,29,-1,45.1,0,0,2019-20,"Regular Season"
1629663,"Louis King",1610612765,DET,20,1,1,0,1,3.71667,1,3,0.333,0,1,0,0,0,0,0,1,1,0,0,1,0,0,0,0,2,1,6.2,0,0,2019-20,"Regular Season"
1629667,"Jalen McDaniels",1610612766,CHA,21,2,0,2,0,6.51667,2,5,0.4,0,1,0,0,0,0,1,0,1,0,0,0,0,1,0,0,4,0,5.2,0,0,2019-20,"Regular Season"
1629668,"Zach Norvell Jr.",1610612747,LAL,22,2,2,0,1,4.85,0,1,0,0,0,0,0,0,0,0,1,1,0,0,0,0,0,0,0,0,-4,1.2,0,0,2019-20,"Regular Season"
1629669,"Jaylen Nowell",1610612750,MIN,20,5,0,5,0,59.2867,7,16,0.438,0,9,0,5,5,1,0,2,2,5,1,0,0,0,2,3,19,-1,27.9,0,0,2019-20,"Regular Season"
1629671,"Miye Oni",1610612762,UTA,22,3,2,1,0.667,8.36667,0,0,0,0,0,0,0,0,0,0,1,1,0,1,0,0,0,0,0,0,-12,0.2,0,0,2019-20,"Regular Season"
1629672,"Eric Paschall",1610612744,GSW,23,29,8,21,0.276,818.718,158,321,0.492,20,65,0.308,89,113,0.788,42,94,136,49,43,12,10,30,57,87,425,-150,684.7,2,0,2019-20,"Regular Season"
1629673,"Jordan Poole",1610612744,GSW,20,29,7,22,0.241,630.513,63,248,0.254,32,132,0.242,47,56,0.839,4,53,57,53,31,17,7,19,48,48,205,-131,393.9,0,0,2019-20,"Regular Season"
1629675,"Naz Reid",1610612750,MIN,20,2,0,2,0,4,1,2,0.5,1,2,0.5,0,0,0,0,1,1,0,0,0,0,0,1,0,3,4,4.2,0,0,2019-20,"Regular Season"
1629678,"Admiral Schofield",1610612764,WAS,22,17,4,13,0.235,219.903,21,53,0.396,11,34,0.324,8,10,0.8,4,21,25,12,6,7,3,3,32,13,61,-3,133,0,0,2019-20,"Regular Season"
1629680,"Matisse Thybulle",1610612755,PHI,22,30,21,9,0.7,528.527,49,112,0.438,31,67,0.463,16,24,0.667,8,24,32,37,28,43,22,7,62,26,145,7,405.9,0,0,2019-20,"Regular Season"
1629682,"Tremont Waters",1610612738,BOS,21,3,3,0,1,27.6167,5,12,0.417,2,7,0.286,2,2,1,0,2,2,3,4,1,2,0,3,1,14,4,25.9,0,0,2019-20,"Regular Season"
1629684,"Grant Williams",1610612738,BOS,21,27,22,5,0.815,415.498,32,87,0.368,5,37,0.135,19,23,0.826,20,41,61,25,20,10,15,8,59,23,88,115,253.7,0,0,2019-20,"Regular Season"
1629713,"Justin James",1610612758,SAC,22,14,5,9,0.357,166.778,23,55,0.418,6,19,0.316,2,9,0.222,3,20,23,11,7,4,7,3,12,11,54,-13,124.1,0,0,2019-20,"Regular Season"
1629714,"Jarrell Brantley",1610612762,UTA,23,2,0,2,0,8.5,0,0,0,0,0,0,0,0,0,0,4,4,1,1,0,2,0,1,0,0,1,11.3,0,0,2019-20,"Regular Season"
1629718,"Charles Brown Jr.",1610612737,ATL,22,4,0,4,0,16.3083,1,3,0.333,1,1,1,4,4,1,2,1,3,0,0,0,1,0,0,3,7,10,13.6,0,0,2019-20,"Regular Season"
1629723,"John Konchar",1610612763,MEM,23,1,0,1,0,6.78333,0,0,0,0,0,0,0,0,0,0,0,0,0,0,0,0,0,0,0,0,-3,0,0,0,2019-20,"Regular Season"
1629726,"Garrison Mathews",1610612764,WAS,23,9,3,6,0.333,92.1267,8,19,0.421,7,18,0.389,7,8,0.875,4,10,14,6,5,2,1,1,11,10,30,17,59.8,0,0,2019-20,"Regular Season"
1629731,"Dean Wade",1610612739,CLE,23,3,0,3,0,18.3167,1,2,0.5,1,1,1,0,0,0,0,2,2,0,0,1,0,0,3,1,3,3,8.4,0,0,2019-20,"Regular Season"
1629735,"Chris Silva",1610612748,MIA,23,25,18,7,0.72,237.41,34,51,0.667,0,2,0,28,40,0.7,44,45,89,15,28,6,15,7,62,37,96,6,260.3,0,0,2019-20,"Regular Season"
1629738,"Vincent Poirier",1610612738,BOS,26,9,9,0,1,43.6,7,14,0.5,0,0,0,1,2,0.5,8,7,15,3,3,2,2,2,10,4,15,-1,46.5,0,0,2019-20,"Regular Season"
1629740,"Nicolo Melli",1610612740,NOP,28,25,7,18,0.28,366.227,42,105,0.4,22,72,0.306,21,28,0.75,14,47,61,26,18,14,5,0,45,33,127,-86,278.2,0,0,2019-20,"Regular Season"
1629741,"Marko Guduric",1610612763,MEM,24,26,9,17,0.346,381.732,47,126,0.373,18,64,0.281,15,17,0.882,12,41,53,36,28,9,6,10,25,25,127,-78,261.6,0,0,2019-20,"Regular Season"
1629742,"Stanton Kidd",1610612762,UTA,27,4,3,1,0.75,15.2833,0,3,0,0,1,0,0,0,0,0,3,3,1,2,0,0,2,3,0,0,-1,3.1,0,0,2019-20,"Regular Season"
1629744,"Matt Thomas",1610612761,TOR,25,12,9,3,0.75,135.745,20,37,0.541,14,26,0.538,3,5,0.6,1,12,13,4,4,4,0,2,12,4,57,29,86.6,0,0,2019-20,"Regular Season"
1629750,"Javonte Green",1610612738,BOS,26,23,18,5,0.783,181.603,29,51,0.569,3,13,0.231,4,7,0.571,6,24,30,7,8,4,4,0,19,8,65,-9,127.5,0,0,2019-20,"Regular Season"
1629752,"Juwan Morgan",1610612762,UTA,22,3,1,2,0.333,8.51667,0,0,0,0,0,0,0,0,0,0,2,2,0,1,0,0,0,1,0,0,4,1.4,0,0,2019-20,"Regular Season"
1713,"Vince Carter",1610612737,ATL,42,26,5,21,0.192,406.617,52,147,0.354,29,97,0.299,8,13,0.615,5,43,48,26,14,8,9,3,44,13,141,-65,274.6,0,0,2019-20,"Regular Season"
200746,"LaMarcus Aldridge",1610612759,SAS,34,28,11,17,0.393,923.322,220,428,0.514,18,51,0.353,82,99,0.828,59,147,206,69,41,18,53,9,63,96,540,-136,1062.7,6,0,2019-20,"Regular Season"
200752,"Rudy Gay",1610612759,SAS,33,30,12,18,0.4,686.303,119,265,0.449,29,96,0.302,57,65,0.877,33,145,178,57,47,15,20,11,42,51,324,30,681.1,4,0,2019-20,"Regular Season"
200755,"JJ Redick",1610612740,NOP,35,30,9,21,0.3,865.207,149,333,0.447,97,212,0.458,80,91,0.879,6,83,89,58,37,11,6,12,49,77,475,-44,682.8,0,0,2019-20,"Regular Season"
200757,"Thabo Sefolosha",1610612745,HOU,35,23,17,6,0.739,226.743,16,48,0.333,8,29,0.276,0,1,0,12,36,48,15,7,9,4,3,21,2,40,-18,152.1,0,0,2019-20,"Regular Season"
200765,"Rajon Rondo",1610612747,LAL,33,19,14,5,0.737,415.112,54,135,0.4,23,58,0.397,12,17,0.706,9,60,69,109,40,23,1,9,24,25,143,31,421.3,1,0,2019-20,"Regular Season"
200768,"Kyle Lowry",1610612761,TOR,33,20,12,8,0.6,761.728,121,291,0.416,61,167,0.365,104,121,0.86,12,90,102,152,62,24,7,22,57,120,407,25,788.4,4,1,2019-20,"Regular Season"
200782,"P.J. Tucker",1610612745,HOU,34,31,21,10,0.677,1119.78,103,213,0.484,58,142,0.408,23,30,0.767,48,180,228,45,33,41,14,3,105,53,287,118,760.1,5,0,2019-20,"Regular Season"
200794,"Paul Millsap",1610612743,DEN,34,28,19,9,0.679,697.305,121,250,0.484,30,65,0.462,75,85,0.882,52,109,161,39,37,24,20,24,76,74,347,218,693.7,3,0,2019-20,"Regular Season"
200826,"J.J. Barea",1610612742,DAL,35,7,4,3,0.571,97.4033,25,56,0.446,12,22,0.545,2,2,1,2,10,12,22,5,2,1,3,5,11,64,32,115.4,0,0,2019-20,"Regular Season"
201143,"Al Horford",1610612755,PHI,33,30,19,11,0.633,918.473,158,344,0.459,42,123,0.341,27,39,0.692,50,151,201,117,34,32,31,11,70,42,385,151,956.7,3,0,2019-20,"Regular Season"
201144,"Mike Conley",1610612762,UTA,32,22,13,9,0.591,647.062,99,271,0.365,40,111,0.36,61,76,0.803,16,57,73,102,45,16,4,8,48,77,299,27,554.6,0,0,2019-20,"Regular Season"
201145,"Jeff Green",1610612762,UTA,33,30,18,12,0.6,553.25,75,195,0.385,34,104,0.327,49,63,0.778,14,67,81,20,27,12,10,10,46,47,233,-107,399.2,0,0,2019-20,"Regular Season"
201152,"Thaddeus Young",1610612741,CHI,31,31,12,19,0.387,674.76,109,275,0.396,33,103,0.32,20,34,0.588,47,90,137,58,49,32,8,25,58,37,271,-57,593.4,0,0,2019-20,"Regular Season"
201158,"Marco Belinelli",1610612759,SAS,33,28,11,17,0.393,464.595,58,163,0.356,29,84,0.345,22,30,0.733,1,47,48,35,11,7,0,2,24,31,167,36,287.1,0,0,2019-20,"Regular Season"
201162,"Jared Dudley",1610612747,LAL,34,21,15,6,0.714,177.803,11,27,0.407,10,19,0.526,2,2,1,2,16,18,14,3,8,1,2,20,4,34,-14,100.6,0,0,2019-20,"Regular Season"
201163,"Wilson Chandler",1610612751,BKN,32,5,3,2,0.6,99.7883,11,29,0.379,1,14,0.071,2,2,1,1,22,23,7,7,3,1,0,10,1,25,-34,68.1,0,0,2019-20,"Regular Season"
201188,"Marc Gasol",1610612761,TOR,34,27,19,8,0.704,761.752,63,173,0.364,31,88,0.352,21,28,0.75,23,156,179,92,33,22,30,6,85,53,178,183,653.8,3,0,2019-20,"Regular Season"
201229,"Anthony Tolliver",1610612757,POR,34,22,10,12,0.455,361.395,22,71,0.31,17,56,0.304,11,14,0.786,14,49,63,17,16,7,6,4,33,13,72,-79,196.1,0,0,2019-20,"Regular Season"
201565,"Derrick Rose",1610612765,DET,31,26,10,16,0.385,630.79,174,358,0.486,24,77,0.312,55,63,0.873,15,42,57,156,63,21,9,26,25,51,427,2,756.4,3,0,2019-20,"Regular Season"
201566,"Russell Westbrook",1610612745,HOU,31,28,19,9,0.679,986.657,249,585,0.426,34,143,0.238,144,182,0.791,45,182,227,199,124,43,10,30,107,130,676,69,1281.9,12,6,2019-20,"Regular Season"
201567,"Kevin Love",1610612739,CLE,31,27,8,19,0.296,825.435,146,324,0.451,65,169,0.385,95,113,0.841,26,260,286,79,73,16,10,16,36,81,452,-186,918.7,13,0,2019-20,"Regular Season"
201568,"Danilo Gallinari",1610612760,OKC,31,27,13,14,0.481,823.045,150,347,0.432,75,190,0.395,112,124,0.903,14,139,153,59,39,19,4,17,39,107,487,24,789.1,1,0,2019-20,"Regular Season"
201569,"Eric Gordon",1610612745,HOU,31,9,6,3,0.667,264.933,34,110,0.309,21,74,0.284,9,14,0.643,3,14,17,7,12,5,2,10,21,16,98,-38,137.9,0,0,2019-20,"Regular Season"
201571,"D.J. Augustin",1610612753,ORL,32,31,14,17,0.452,795.558,100,256,0.391,35,106,0.33,74,82,0.902,13,61,74,143,40,20,1,17,34,72,309,26,635.3,0,0,2019-20,"Regular Season"
201572,"Brook Lopez",1610612749,MIL,31,31,26,5,0.839,817.768,110,272,0.404,48,150,0.32,53,59,0.898,20,136,156,49,29,20,74,7,70,55,321,274,834.7,3,0,2019-20,"Regular Season"
201577,"Robin Lopez",1610612749,MIL,31,33,28,5,0.848,464.13,71,144,0.493,15,52,0.288,15,27,0.556,31,54,85,22,33,6,22,4,48,24,172,46,358,0,0,2019-20,"Regular Season"
201580,"JaVale McGee",1610612747,LAL,31,31,24,7,0.774,514.223,97,155,0.626,1,1,1,21,34,0.618,61,124,185,19,26,16,46,8,73,41,216,69,626.5,2,0,2019-20,"Regular Season"
201583,"Ryan Anderson",1610612745,HOU,31,2,1,1,0.5,13.9667,2,7,0.286,1,5,0.2,0,0,0,0,7,7,2,1,1,0,0,1,0,5,7,18.4,0,0,2019-20,"Regular Season"
201584,"Courtney Lee",1610612742,DAL,34,8,6,2,0.75,68.9433,13,22,0.591,7,12,0.583,0,0,0,0,3,3,3,2,0,2,0,5,0,33,9,45.1,0,0,2019-20,"Regular Season"
201586,"Serge Ibaka",1610612761,TOR,30,21,13,8,0.619,505.445,112,236,0.475,16,50,0.32,46,57,0.807,43,115,158,27,41,10,21,9,54,36,286,-66,568.1,4,0,2019-20,"Regular Season"
201587,"Nicolas Batum",1610612766,CHA,31,16,6,10,0.375,357.372,20,54,0.37,11,36,0.306,6,6,1,18,47,65,48,19,13,8,2,32,18,57,-32,251,0,0,2019-20,"Regular Season"
201588,"George Hill",1610612749,MIL,33,31,26,5,0.839,667.058,114,205,0.556,50,94,0.532,43,50,0.86,30,69,99,92,28,25,3,15,45,47,321,134,633.8,0,0,2019-20,"Regular Season"
201599,"DeAndre Jordan",1610612751,BKN,31,27,14,13,0.519,570.685,89,139,0.64,0,0,0,43,64,0.672,66,199,265,59,33,12,25,10,54,68,221,-79,705.5,6,0,2019-20,"Regular Season"
201609,"Goran Dragic",1610612748,MIA,33,21,16,5,0.762,600.842,114,250,0.456,48,116,0.414,58,81,0.716,7,61,68,105,53,14,5,10,35,58,334,40,577.1,0,0,2019-20,"Regular Season"
201933,"Blake Griffin",1610612765,DET,30,17,8,9,0.471,483.397,85,234,0.363,24,101,0.238,73,94,0.777,17,65,82,57,40,7,7,18,25,94,267,-7,452.9,2,0,2019-20,"Regular Season"
201935,"James Harden",1610612745,HOU,30,31,21,10,0.677,1166.13,343,759,0.452,159,427,0.372,337,385,0.875,31,148,179,234,147,59,22,36,104,253,1182,177,1843.8,9,0,2019-20,"Regular Season"
201937,"Ricky Rubio",1610612756,PHX,29,25,9,16,0.36,795.088,125,305,0.41,28,93,0.301,67,79,0.848,18,101,119,230,64,31,4,24,62,99,345,73,873.8,11,1,2019-20,"Regular Season"
201939,"Stephen Curry",1610612744,GSW,31,4,1,3,0.25,112.083,27,66,0.409,9,37,0.243,18,18,1,4,16,20,26,15,5,2,4,10,13,81,-32,150,1,0,2019-20,"Regular Season"
201942,"DeMar DeRozan",1610612759,SAS,30,30,12,18,0.4,1011.49,240,471,0.51,5,19,0.263,141,173,0.815,16,144,160,146,77,29,12,26,87,134,626,-162,1083,3,0,2019-20,"Regular Season"
201949,"James Johnson",1610612748,MIA,32,6,3,3,0.5,67.8,8,18,0.444,2,9,0.222,2,4,0.5,2,9,11,4,4,3,2,1,5,4,20,11,50.2,0,0,2019-20,"Regular Season"
201950,"Jrue Holiday",1610612740,NOP,29,30,9,21,0.3,1077.72,236,543,0.435,58,170,0.341,61,88,0.693,42,110,152,196,96,54,21,30,68,84,591,-127,1196.4,5,0,2019-20,"Regular Season"
201952,"Jeff Teague",1610612750,MIN,31,26,9,17,0.346,766.368,115,256,0.449,28,72,0.389,108,125,0.864,13,63,76,169,59,20,11,21,55,84,366,-33,744.7,3,0,2019-20,"Regular Season"
201959,"Taj Gibson",1610612752,NYK,34,29,8,21,0.276,467.647,58,124,0.468,2,10,0.2,9,17,0.529,52,76,128,34,22,18,10,9,62,27,127,-146,393.6,0,0,2019-20,"Regular Season"
201960,"DeMarre Carroll",1610612759,SAS,33,13,5,8,0.385,130.867,9,28,0.321,3,13,0.231,11,18,0.611,7,23,30,10,10,2,2,2,19,10,32,16,85,0,0,2019-20,"Regular Season"
201961,"Wayne Ellington",1610612752,NYK,32,18,3,15,0.167,257.178,26,81,0.321,21,69,0.304,4,6,0.667,1,28,29,16,12,5,2,4,20,11,77,-28,144.8,0,0,2019-20,"Regular Season"
201976,"Patrick Beverley",1610612746,LAC,31,28,21,7,0.75,815.73,83,204,0.407,40,123,0.325,15,26,0.577,35,135,170,95,36,40,18,3,96,52,221,138,705.5,3,0,2019-20,"Regular Season"
201980,"Danny Green",1610612747,LAL,32,31,24,7,0.774,795.267,91,219,0.416,61,161,0.379,19,24,0.792,22,95,117,38,31,36,16,2,71,31,262,155,584.4,0,0,2019-20,"Regular Season"
201988,"Patty Mills",1610612759,SAS,31,30,12,18,0.4,698.937,121,265,0.457,66,158,0.418,40,52,0.769,7,38,45,61,31,27,5,7,45,59,348,67,558.5,0,0,2019-20,"Regular Season"
202066,"Garrett Temple",1610612751,BKN,33,30,16,14,0.533,874.85,114,291,0.392,66,196,0.337,31,41,0.756,18,85,103,74,35,27,14,14,57,46,325,-24,647.6,0,0,2019-20,"Regular Season"
202083,"Wesley Matthews",1610612749,MIL,33,32,27,5,0.844,768.178,85,199,0.427,52,136,0.382,30,36,0.833,7,70,77,44,22,23,5,11,48,38,252,279,472.4,0,0,2019-20,"Regular Season"
202323,"Evan Turner",1610612737,ATL,31,17,3,14,0.176,226.178,24,62,0.387,0,5,0,12,14,0.857,7,28,35,35,24,8,8,4,17,13,60,-69,178.5,0,0,2019-20,"Regular Season"
202324,"Derrick Favors",1610612740,NOP,28,16,5,11,0.313,352.827,60,107,0.561,1,3,0.333,7,15,0.467,52,97,149,37,24,8,15,11,37,22,128,-41,407.3,5,0,2019-20,"Regular Season"
202329,"Al-Farouq Aminu",1610612753,ORL,29,18,7,11,0.389,380.078,25,86,0.291,9,36,0.25,19,29,0.655,24,63,87,21,17,18,8,4,27,29,78,-35,274.9,1,0,2019-20,"Regular Season"
202330,"Gordon Hayward",1610612738,BOS,29,13,10,3,0.769,391.19,89,162,0.549,17,45,0.378,19,24,0.792,8,69,77,59,23,10,5,9,25,30,214,87,416.9,2,0,2019-20,"Regular Season"
202331,"Paul George",1610612746,LAC,29,22,16,6,0.727,680.543,172,393,0.438,80,203,0.394,101,111,0.91,10,117,127,80,77,32,12,16,56,89,525,108,852.4,0,0,2019-20,"Regular Season"
202334,"Ed Davis",1610612762,UTA,30,19,12,7,0.632,219.47,11,28,0.393,0,0,0,4,9,0.444,21,60,81,8,12,9,8,4,46,14,26,-66,174.2,0,0,2019-20,"Regular Season"
202335,"Patrick Patterson",1610612746,LAC,30,30,20,10,0.667,448.058,54,130,0.415,40,99,0.404,17,24,0.708,25,71,96,24,11,5,3,2,23,25,165,69,329.2,0,0,2019-20,"Regular Season"
202339,"Eric Bledsoe",1610612749,MIL,30,26,23,3,0.885,692.578,147,308,0.477,32,93,0.344,65,80,0.813,21,107,128,147,60,22,12,19,60,68,391,228,807.1,0,0,2019-20,"Regular Season"
202340,"Avery Bradley",1610612747,LAL,29,17,11,6,0.647,413.372,57,132,0.432,11,46,0.239,7,10,0.7,11,35,46,23,19,14,1,7,40,7,132,31,247.7,0,0,2019-20,"Regular Season"
202355,"Hassan Whiteside",1610612757,POR,30,29,14,15,0.483,841.713,184,303,0.607,1,2,0.5,74,97,0.763,106,278,384,38,58,13,78,17,86,91,443,-3,1175.8,22,0,2019-20,"Regular Season"
202357,"Nemanja Bjelica",1610612758,SAC,31,31,12,19,0.387,812.773,135,288,0.469,54,134,0.403,26,28,0.929,50,136,186,82,46,27,19,14,90,33,350,-52,788.2,3,0,2019-20,"Regular Season"
202397,"Ish Smith",1610612764,WAS,31,30,9,21,0.3,761.77,123,271,0.454,28,75,0.373,21,32,0.656,15,69,84,127,38,22,12,15,46,32,295,-98,650.3,0,0,2019-20,"Regular Season"
202681,"Kyrie Irving",1610612751,BKN,27,11,4,7,0.364,371.935,112,252,0.444,31,91,0.341,59,63,0.937,10,49,59,79,26,12,6,9,32,51,314,-9,531.3,2,1,2019-20,"Regular Season"
202683,"Enes Kanter",1610612738,BOS,27,22,15,7,0.682,384.528,76,137,0.555,0,2,0,30,45,0.667,67,99,166,24,18,14,14,15,33,38,182,134,483.2,2,0,2019-20,"Regular Season"
202684,"Tristan Thompson",1610612739,CLE,28,30,9,21,0.3,936.402,167,327,0.511,3,7,0.429,48,87,0.552,119,179,298,68,53,25,30,43,69,98,385,-186,956.6,15,0,2019-20,"Regular Season"
202685,"Jonas Valanciunas",1610612763,MEM,27,29,10,19,0.345,727.488,177,302,0.586,16,39,0.41,47,64,0.734,78,204,282,54,60,8,26,20,76,67,417,-56,878.4,16,0,2019-20,"Regular Season"
202687,"Bismack Biyombo",1610612766,CHA,27,32,11,21,0.344,601.025,100,175,0.571,0,0,0,57,97,0.588,75,107,182,30,21,6,25,16,72,78,257,-69,592.4,5,0,2019-20,"Regular Season"
202688,"Brandon Knight",1610612739,CLE,28,10,1,9,0.1,113.533,16,47,0.34,12,35,0.343,3,8,0.375,1,7,8,16,8,4,1,3,9,11,47,-29,87.6,0,0,2019-20,"Regular Season"
202689,"Kemba Walker",1610612738,BOS,29,28,21,7,0.75,900.248,204,477,0.428,103,256,0.402,112,128,0.875,23,88,111,148,67,23,17,37,47,109,623,212,1031.2,1,0,2019-20,"Regular Season"
202692,"Alec Burks",1610612744,GSW,28,30,8,22,0.267,874.768,157,369,0.425,45,129,0.349,106,120,0.883,21,116,137,93,45,37,9,22,65,92,465,-142,861.9,1,0,2019-20,"Regular Season"
202693,"Markieff Morris",1610612765,DET,30,31,11,20,0.355,698.365,124,264,0.47,53,129,0.411,35,47,0.745,17,105,122,52,53,19,7,9,71,44,336,-110,585.4,0,0,2019-20,"Regular Season"
202694,"Marcus Morris Sr.",1610612752,NYK,30,29,8,21,0.276,920.5,176,406,0.433,76,165,0.461,110,128,0.859,32,132,164,41,50,24,13,14,89,95,538,-126,857.3,2,0,2019-20,"Regular Season"
202695,"Kawhi Leonard",1610612746,LAC,28,24,19,5,0.792,758.857,217,466,0.466,44,115,0.383,144,164,0.878,28,164,192,122,83,43,14,16,48,140,622,236,1123.4,8,0,2019-20,"Regular Season"
202696,"Nikola Vucevic",1610612753,ORL,29,20,9,11,0.45,622.762,139,310,0.448,25,79,0.316,48,61,0.787,54,166,220,70,23,16,20,15,39,55,351,22,805,13,0,2019-20,"Regular Season"
202697,"Iman Shumpert",1610612751,BKN,29,13,9,4,0.692,240.643,21,64,0.328,8,33,0.242,4,7,0.571,9,25,34,12,10,12,2,1,21,10,54,-52,144.8,0,0,2019-20,"Regular Season"
202699,"Tobias Harris",1610612755,PHI,27,34,23,11,0.676,1166.31,266,541,0.492,55,158,0.348,89,113,0.788,28,200,228,107,61,29,24,31,81,84,676,163,1208.1,4,0,2019-20,"Regular Season"
202704,"Reggie Jackson",1610612765,DET,29,2,1,1,0.5,35.7667,4,11,0.364,1,5,0.2,1,1,1,1,4,5,8,1,0,0,0,2,2,10,1,27,0,0,2019-20,"Regular Season"
202709,"Cory Joseph",1610612758,SAC,28,31,12,19,0.387,833.735,74,199,0.372,18,60,0.3,25,28,0.893,17,70,87,123,43,24,14,6,62,45,191,-66,550.9,0,0,2019-20,"Regular Season"
202710,"Jimmy Butler",1610612748,MIA,30,27,21,6,0.778,949.538,159,369,0.431,24,85,0.282,208,250,0.832,55,122,177,178,71,56,16,20,37,183,550,210,1174.4,5,3,2019-20,"Regular Season"
202711,"Bojan Bogdanovic",1610612762,UTA,30,30,19,11,0.633,1008.39,205,462,0.444,96,220,0.436,123,138,0.891,18,116,134,64,85,19,4,41,58,102,629,157,869.8,0,0,2019-20,"Regular Season"
202718,"Chandler Parsons",1610612737,ATL,31,5,0,5,0,54.22,5,18,0.278,4,14,0.286,0,0,0,1,6,7,3,3,4,1,0,3,1,14,-40,38.9,0,0,2019-20,"Regular Season"
202722,"Davis Bertans",1610612764,WAS,27,28,8,20,0.286,838.738,142,316,0.449,105,242,0.434,42,47,0.894,25,113,138,48,22,18,18,10,72,56,431,14,754.6,1,0,2019-20,"Regular Season"
202734,"E'Twaun Moore",1610612740,NOP,30,20,8,12,0.4,395.015,71,167,0.425,27,66,0.409,14,22,0.636,15,45,60,31,11,9,2,5,29,16,183,-53,323.5,0,0,2019-20,"Regular Season"
202738,"Isaiah Thomas",1610612764,WAS,30,21,6,15,0.286,531.872,105,235,0.447,46,108,0.426,30,37,0.811,3,33,36,101,46,9,5,18,44,38,286,-85,476.7,1,0,2019-20,"Regular Season"
202954,"Brad Wanamaker",1610612738,BOS,30,29,22,7,0.759,545.492,64,143,0.448,14,38,0.368,59,66,0.894,11,49,60,85,34,20,7,10,53,47,201,81,447.5,0,0,2019-20,"Regular Season"
203076,"Anthony Davis",1610612747,LAL,26,29,23,6,0.793,1017.27,282,566,0.498,32,110,0.291,208,243,0.856,72,198,270,94,69,41,77,20,75,190,804,143,1554,14,0,2019-20,"Regular Season"
203077,"Michael Kidd-Gilchrist",1610612766,CHA,26,10,4,6,0.4,146.647,16,49,0.327,5,17,0.294,7,9,0.778,8,23,31,9,6,0,3,4,17,10,44,8,97.7,0,0,2019-20,"Regular Season"
203078,"Bradley Beal",1610612764,WAS,26,30,9,21,0.3,1099.32,285,653,0.436,77,243,0.317,188,227,0.828,34,111,145,200,101,33,10,32,74,171,835,-189,1337,7,0,2019-20,"Regular Season"
203081,"Damian Lillard",1610612757,POR,29,30,14,16,0.467,1101.82,253,571,0.443,101,282,0.358,199,222,0.896,14,111,125,226,87,29,12,32,58,169,806,59,1331,6,0,2019-20,"Regular Season"
203082,"Terrence Ross",1610612753,ORL,28,29,13,16,0.448,721.027,132,323,0.409,61,180,0.339,57,66,0.864,8,76,84,27,32,27,8,13,47,48,382,-21,596.3,0,0,2019-20,"Regular Season"
203083,"Andre Drummond",1610612765,DET,26,30,11,19,0.367,1007.18,225,405,0.556,0,15,0,86,140,0.614,132,345,477,83,108,57,51,44,111,132,536,-23,1448.9,25,0,2019-20,"Regular Season"
203084,"Harrison Barnes",1610612758,SAC,27,31,12,19,0.387,1093.78,163,372,0.438,43,124,0.347,111,136,0.816,32,128,160,70,44,22,5,23,39,113,480,-29,814,2,0,2019-20,"Regular Season"
203085,"Austin Rivers",1610612745,HOU,27,29,20,9,0.69,678.84,86,210,0.41,36,115,0.313,25,36,0.694,18,56,74,44,15,16,6,8,56,42,233,37,438.8,0,0,2019-20,"Regular Season"
203086,"Meyers Leonard",1610612748,MIA,27,31,23,8,0.742,573.982,71,129,0.55,28,61,0.459,8,13,0.615,16,124,140,31,23,7,13,7,63,29,178,51,429.5,1,0,2019-20,"Regular Season"
203087,"Jeremy Lamb",1610612754,IND,27,21,15,6,0.714,639.93,112,243,0.461,24,78,0.308,46,55,0.836,12,85,97,51,31,27,13,12,46,55,294,65,575.9,1,0,2019-20,"Regular Season"
203089,"John Henson",1610612739,CLE,28,13,5,8,0.385,165.812,22,42,0.524,2,11,0.182,6,17,0.353,11,28,39,17,10,8,18,3,21,17,52,-13,192.3,0,0,2019-20,"Regular Season"
203090,"Maurice Harkless",1610612746,LAC,26,33,23,10,0.697,771.088,74,149,0.497,18,52,0.346,19,33,0.576,31,87,118,37,31,38,22,6,87,27,185,17,531.1,0,0,2019-20,"Regular Season"
203095,"Evan Fournier",1610612753,ORL,27,31,14,17,0.452,951.915,211,440,0.48,82,198,0.414,93,115,0.809,4,79,83,102,58,31,5,15,72,88,597,-51,899.6,0,0,2019-20,"Regular Season"
203107,"Tomas Satoransky",1610612741,CHI,28,32,12,20,0.375,900.933,117,256,0.457,39,99,0.394,48,55,0.873,30,88,118,168,67,47,5,15,59,72,321,19,803.6,1,0,2019-20,"Regular Season"
203109,"Jae Crowder",1610612763,MEM,29,31,11,20,0.355,958.733,106,291,0.364,59,199,0.296,48,64,0.75,26,165,191,89,41,28,11,10,64,69,319,-156,757.7,5,0,2019-20,"Regular Season"
203110,"Draymond Green",1610612744,GSW,29,23,8,15,0.348,676.398,78,190,0.411,18,63,0.286,45,61,0.738,15,133,148,126,55,37,16,8,60,58,219,-94,689.6,5,2,2019-20,"Regular Season"
203114,"Khris Middleton",1610612749,MIL,28,26,21,5,0.808,721.798,182,369,0.493,57,137,0.416,64,72,0.889,24,122,146,96,51,24,5,15,61,57,485,246,840.2,1,0,2019-20,"Regular Season"
203115,"Will Barton",1610612743,DEN,28,28,20,8,0.714,921.435,155,340,0.456,46,117,0.393,47,64,0.734,46,151,197,95,42,32,11,21,57,57,403,190,868.9,6,0,2019-20,"Regular Season"
203118,"Mike Scott",1610612755,PHI,31,34,23,11,0.676,633.498,77,176,0.438,43,119,0.361,12,15,0.8,23,86,109,21,13,11,2,1,44,12,209,78,397.3,0,0,2019-20,"Regular Season"
203124,"Kyle O'Quinn",1610612755,PHI,29,18,13,5,0.722,169.833,24,48,0.5,6,16,0.375,3,8,0.375,19,42,61,23,16,2,13,1,24,9,57,-52,193.7,1,0,2019-20,"Regular Season"
203145,"Kent Bazemore",1610612757,POR,30,32,14,18,0.438,784.423,86,238,0.361,43,120,0.358,42,51,0.824,10,115,125,46,48,31,23,15,90,60,257,-35,590,0,0,2019-20,"Regular Season"
203200,"Justin Holiday",1610612754,IND,30,32,21,11,0.656,801.833,86,215,0.4,50,134,0.373,20,25,0.8,16,103,119,48,17,35,18,15,52,29,242,37,598.8,0,0,2019-20,"Regular Season"
203210,"JaMychal Green",1610612746,LAC,29,24,17,7,0.708,493.92,58,143,0.406,37,98,0.378,18,21,0.857,31,123,154,14,20,14,8,11,57,18,171,87,422.8,2,0,2019-20,"Regular Season"
203382,"Aron Baynes",1610612756,PHX,33,22,8,14,0.364,519.008,109,211,0.517,33,89,0.371,32,44,0.727,32,90,122,50,28,5,15,10,84,63,283,-22,536.4,1,0,2019-20,"Regular Season"
203457,"Nerlens Noel",1610612760,OKC,25,30,16,14,0.533,555.265,89,135,0.659,0,0,0,50,62,0.806,43,103,146,39,33,32,43,2,81,58,228,-34,653.7,2,0,2019-20,"Regular Season"
203458,"Alex Len",1610612737,ATL,26,30,6,24,0.2,531.542,101,184,0.549,12,40,0.3,35,51,0.686,49,107,156,33,31,15,23,13,68,43,249,-130,568.7,4,0,2019-20,"Regular Season"
203459,"Allen Crabbe",1610612737,ATL,27,19,1,18,0.053,365.67,40,101,0.396,21,66,0.318,9,12,0.75,8,39,47,17,8,12,3,4,20,8,110,-119,228.9,0,0,2019-20,"Regular Season"
203463,"Ben McLemore",1610612745,HOU,26,31,21,10,0.677,738.852,104,253,0.411,77,215,0.358,32,41,0.78,10,61,71,31,25,22,8,5,64,34,317,185,513.7,1,0,2019-20,"Regular Season"
203468,"CJ McCollum",1610612757,POR,28,32,14,18,0.438,1170.88,284,626,0.454,87,229,0.38,63,77,0.818,25,117,142,116,64,27,24,29,84,63,718,56,1151.4,1,0,2019-20,"Regular Season"
203469,"Cody Zeller",1610612766,CHA,27,31,11,20,0.355,739.157,141,261,0.54,15,52,0.288,64,95,0.674,93,148,241,39,47,20,14,17,81,93,361,-139,763.7,7,0,2019-20,"Regular Season"
203471,"Dennis Schroder",1610612760,OKC,26,31,16,15,0.516,935.202,217,463,0.469,55,159,0.346,80,97,0.825,8,111,119,115,92,22,10,23,68,86,569,133,888.3,0,0,2019-20,"Regular Season"
203473,"Dewayne Dedmon",1610612758,SAC,30,23,8,15,0.348,312.408,44,105,0.419,11,48,0.229,11,13,0.846,26,62,88,8,32,9,12,5,55,26,110,-34,258.6,0,0,2019-20,"Regular Season"
203476,"Gorgui Dieng",1610612750,MIN,29,26,9,17,0.346,415.113,61,137,0.445,21,56,0.375,28,36,0.778,34,98,132,25,19,21,25,7,45,45,171,-85,485.9,2,0,2019-20,"Regular Season"
203482,"Kelly Olynyk",1610612748,MIA,28,31,23,8,0.742,678.627,86,188,0.457,48,112,0.429,45,51,0.882,25,128,153,41,39,24,10,6,83,50,265,46,573.1,2,0,2019-20,"Regular Season"
203484,"Kentavious Caldwell-Pope",1610612747,LAL,26,31,24,7,0.774,780.985,105,224,0.469,39,98,0.398,30,39,0.769,19,48,67,56,28,26,5,7,54,34,279,95,508.4,0,0,2019-20,"Regular Season"
203486,"Mason Plumlee",1610612743,DEN,29,30,21,9,0.7,515.492,81,139,0.583,0,4,0,35,65,0.538,54,117,171,72,46,18,22,8,66,59,197,-10,584.2,1,0,2019-20,"Regular Season"
203487,"Michael Carter-Williams",1610612753,ORL,28,19,9,10,0.474,309.622,35,93,0.376,7,30,0.233,22,31,0.71,18,42,60,38,17,20,8,7,27,37,99,2,295,0,0,2019-20,"Regular Season"
203488,"Mike Muscala",1610612760,OKC,28,20,10,10,0.5,199.868,19,65,0.292,12,48,0.25,9,10,0.9,7,33,40,14,6,4,3,3,21,17,59,6,143,0,0,2019-20,"Regular Season"
203490,"Otto Porter Jr.",1610612741,CHI,26,9,3,6,0.333,225.757,35,84,0.417,16,40,0.4,15,20,0.75,8,23,31,14,7,9,3,3,20,17,101,7,188.2,0,0,2019-20,"Regular Season"
203496,"Robert Covington",1610612750,MIN,29,29,11,18,0.379,809.528,121,280,0.432,56,170,0.329,52,60,0.867,19,138,157,30,45,40,26,7,89,60,350,-35,736.4,2,0,2019-20,"Regular Season"
203497,"Rudy Gobert",1610612762,UTA,27,29,18,11,0.621,1000.54,168,244,0.689,0,0,0,99,164,0.604,106,308,414,44,61,21,55,20,88,168,435,128,1164.8,23,0,2019-20,"Regular Season"
203500,"Steven Adams",1610612760,OKC,26,28,15,13,0.536,777.208,144,229,0.629,0,1,0,40,82,0.488,95,180,275,79,44,16,35,16,55,87,328,45,885.5,11,0,2019-20,"Regular Season"
203501,"Tim Hardaway Jr.",1610612742,DAL,27,30,20,10,0.667,787.17,143,347,0.412,77,207,0.372,49,61,0.803,10,71,81,53,28,18,3,13,52,56,412,140,623.7,0,0,2019-20,"Regular Season"
203503,"Tony Snell",1610612765,DET,28,28,10,18,0.357,738.985,82,180,0.456,56,130,0.431,12,12,1,6,45,51,38,14,13,4,2,47,19,232,-87,387.2,0,0,2019-20,"Regular Season"
203504,"Trey Burke",1610612755,PHI,27,15,10,5,0.667,215.005,37,81,0.457,11,24,0.458,11,14,0.786,11,13,24,36,8,7,1,7,13,15,96,49,194.8,0,0,2019-20,"Regular Season"
203507,"Giannis Antetokounmpo",1610612749,MIL,25,31,26,5,0.839,962.72,352,635,0.554,52,159,0.327,191,320,0.597,82,319,401,176,113,40,37,40,96,262,947,340,1810.2,28,3,2019-20,"Regular Season"
203516,"James Ennis III",1610612755,PHI,29,34,23,11,0.676,596.11,78,172,0.453,31,82,0.378,39,51,0.765,40,80,120,33,22,14,11,11,66,40,226,47,472.5,0,0,2019-20,"Regular Season"
203521,"Matthew Dellavedova",1610612739,CLE,29,29,9,20,0.31,386.402,27,86,0.314,6,47,0.128,19,20,0.95,11,29,40,78,23,11,1,3,44,26,79,-29,257,0,0,2019-20,"Regular Season"
203524,"Solomon Hill",1610612763,MEM,28,30,12,18,0.4,592.468,68,163,0.417,39,97,0.402,13,20,0.65,18,81,99,55,28,27,5,5,47,25,188,-25,457.3,0,0,2019-20,"Regular Season"
203526,"Raul Neto",1610612755,PHI,27,28,18,10,0.643,325.022,44,90,0.489,16,35,0.457,6,8,0.75,3,26,29,42,25,14,2,6,20,25,110,0,230.8,0,0,2019-20,"Regular Season"
203552,"Seth Curry",1610612742,DAL,29,28,18,10,0.643,604.358,91,197,0.462,46,115,0.4,38,41,0.927,12,45,57,52,31,14,4,4,46,35,266,93,435.4,0,0,2019-20,"Regular Season"
203584,"Troy Daniels",1610612747,LAL,28,23,17,6,0.739,302.737,38,100,0.38,25,73,0.342,4,7,0.571,4,24,28,8,6,7,1,4,17,4,105,11,168.6,0,0,2019-20,"Regular Season"
203585,"Rodney McGruder",1610612746,LAC,28,21,14,7,0.667,368.283,31,82,0.378,15,49,0.306,6,12,0.5,13,46,59,14,9,10,4,10,39,12,83,34,207.8,0,0,2019-20,"Regular Season"
203648,"Thanasis Antetokounmpo",1610612749,MIL,27,7,7,0,1,38.875,9,15,0.6,0,1,0,4,8,0.5,5,1,6,6,2,1,1,2,5,7,22,-8,42.2,0,0,2019-20,"Regular Season"
203658,"Norvel Pelle",1610612755,PHI,26,7,5,2,0.714,63.4867,6,9,0.667,0,0,0,4,6,0.667,4,15,19,4,6,0,9,0,12,5,16,-19,65.8,0,0,2019-20,"Regular Season"
203705,"Josh Magette",1610612753,ORL,30,3,1,2,0.333,10.25,2,6,0.333,0,0,0,1,2,0.5,1,2,3,2,3,2,0,0,0,1,5,-7,14.6,0,0,2019-20,"Regular Season"
203894,"Shabazz Napier",1610612750,MIN,28,17,5,12,0.294,317.493,40,113,0.354,16,73,0.219,24,29,0.828,3,34,37,64,28,20,4,4,19,31,120,-46,304.4,0,0,2019-20,"Regular Season"
203895,"Jordan McRae",1610612764,WAS,28,14,4,10,0.286,250.265,48,101,0.475,14,36,0.389,21,25,0.84,4,29,33,38,15,8,5,5,27,24,131,-7,251.6,0,0,2019-20,"Regular Season"
203897,"Zach LaVine",1610612741,CHI,24,32,12,20,0.375,1069.23,254,590,0.431,98,248,0.395,150,181,0.829,24,122,146,123,110,42,14,50,76,130,756,-64,1173.7,1,0,2019-20,"Regular Season"
203901,"Elfrid Payton",1610612752,NYK,25,15,5,10,0.333,352.067,50,124,0.403,9,27,0.333,11,17,0.647,18,38,56,87,24,25,3,9,30,18,120,-13,377.7,1,0,2019-20,"Regular Season"
203903,"Jordan Clarkson",1610612762,UTA,27,30,9,21,0.3,686.537,148,338,0.438,60,165,0.364,76,86,0.884,21,48,69,70,40,18,8,22,36,67,432,-110,657.8,0,0,2019-20,"Regular Season"
203914,"Gary Harris",1610612743,DEN,25,30,21,9,0.7,982.583,128,294,0.435,45,130,0.346,39,48,0.813,16,68,84,67,29,41,8,17,68,43,340,135,659.3,0,0,2019-20,"Regular Season"
203915,"Spencer Dinwiddie",1610612751,BKN,26,30,16,14,0.533,917.828,224,518,0.432,59,191,0.309,175,212,0.825,7,84,91,183,83,25,12,31,100,144,682,78,1093.7,3,0,2019-20,"Regular Season"
203918,"Rodney Hood",1610612757,POR,27,21,8,13,0.381,618.672,87,172,0.506,35,71,0.493,21,27,0.778,10,62,72,32,19,17,4,4,46,35,230,5,408.4,0,0,2019-20,"Regular Season"
203920,"Khem Birch",1610612753,ORL,27,18,7,11,0.389,392.77,30,61,0.492,0,1,0,14,30,0.467,35,59,94,19,13,10,13,3,44,35,74,-78,271.3,0,0,2019-20,"Regular Season"
203922,"Glenn Robinson III",1610612744,GSW,25,32,8,24,0.25,1023.73,149,325,0.458,41,102,0.402,38,44,0.864,48,102,150,51,28,32,8,25,57,35,377,-176,725.5,1,0,2019-20,"Regular Season"
203924,"Jerami Grant",1610612743,DEN,25,30,21,9,0.7,687.997,106,230,0.461,41,100,0.41,42,67,0.627,14,83,97,28,25,14,18,9,55,56,295,-85,524.4,0,0,2019-20,"Regular Season"
203925,"Joe Harris",1610612751,BKN,28,30,16,14,0.533,948.025,164,345,0.475,81,189,0.429,28,37,0.757,26,96,122,63,42,19,10,21,72,37,437,53,722.9,0,0,2019-20,"Regular Season"
203926,"Doug McDermott",1610612754,IND,27,32,21,11,0.656,676.38,116,245,0.473,62,133,0.466,19,24,0.792,15,77,92,38,22,4,3,18,63,22,313,54,479.4,0,0,2019-20,"Regular Season"
203932,"Aaron Gordon",1610612753,ORL,24,28,13,15,0.464,881.698,141,345,0.409,32,109,0.294,64,91,0.703,51,154,205,83,43,18,17,22,59,87,378,-72,810.5,8,0,2019-20,"Regular Season"
203933,"T.J. Warren",1610612754,IND,26,32,21,11,0.656,1039.84,226,455,0.497,40,109,0.367,72,87,0.828,27,90,117,39,40,31,14,18,83,75,564,95,857.9,0,0,2019-20,"Regular Season"
203935,"Marcus Smart",1610612738,BOS,25,20,15,5,0.75,635.333,82,212,0.387,42,126,0.333,29,33,0.879,19,48,67,91,25,26,9,6,46,55,235,68,531.9,0,0,2019-20,"Regular Season"
203937,"Kyle Anderson",1610612763,MEM,26,26,10,16,0.385,476.205,58,122,0.475,5,21,0.238,22,35,0.629,25,84,109,63,24,17,14,3,41,30,143,-75,437.3,0,0,2019-20,"Regular Season"
203939,"Dwight Powell",1610612742,DAL,28,27,18,9,0.667,700.055,88,144,0.611,9,27,0.333,43,68,0.632,42,99,141,38,22,21,14,11,67,72,228,182,537.2,0,0,2019-20,"Regular Season"
203943,"Noah Vonleh",1610612750,MIN,24,21,8,13,0.381,260.14,31,61,0.508,1,13,0.077,20,24,0.833,25,56,81,20,16,7,4,5,27,22,83,-14,227.2,0,0,2019-20,"Regular Season"
203944,"Julius Randle",1610612752,NYK,25,32,8,24,0.25,1018.28,215,474,0.454,37,128,0.289,121,175,0.691,72,204,276,102,91,22,4,32,87,133,588,-136,1059.2,11,0,2019-20,"Regular Season"
203952,"Andrew Wiggins",1610612750,MIN,24,26,10,16,0.385,930.82,240,538,0.446,57,175,0.326,107,143,0.748,32,108,140,85,64,18,29,34,64,107,644,-34,1016.5,1,0,2019-20,"Regular Season"
203953,"Jabari Parker",1610612737,ATL,24,31,6,25,0.194,822.362,196,387,0.506,31,112,0.277,53,72,0.736,52,137,189,55,60,41,15,31,91,59,476,-137,893.3,2,0,2019-20,"Regular Season"
203954,"Joel Embiid",1610612755,PHI,25,28,20,8,0.714,861.173,213,454,0.469,36,108,0.333,190,229,0.83,73,277,350,89,85,23,40,20,96,187,652,122,1309.5,22,0,2019-20,"Regular Season"
203957,"Dante Exum",1610612739,CLE,24,12,5,7,0.417,98.285,13,26,0.5,3,7,0.429,4,6,0.667,3,9,12,8,11,3,2,3,9,5,33,-27,63.4,0,0,2019-20,"Regular Season"
203960,"JaKarr Sampson",1610612754,IND,26,10,6,4,0.6,171.015,24,42,0.571,2,10,0.2,2,7,0.286,7,20,27,4,6,5,6,1,24,8,52,8,117.4,0,0,2019-20,"Regular Season"
203967,"Dario Saric",1610612756,PHX,25,31,11,20,0.355,858.51,133,294,0.452,50,146,0.342,44,51,0.863,55,174,229,66,43,23,10,19,82,68,360,2,789.8,7,0,2019-20,"Regular Season"
203991,"Clint Capela",1610612745,HOU,25,27,17,10,0.63,906.503,170,265,0.642,0,0,0,34,70,0.486,108,280,388,32,46,24,52,32,74,70,374,87,1069.6,21,0,2019-20,"Regular Season"
203992,"Bogdan Bogdanovic",1610612758,SAC,27,26,12,14,0.462,736.495,138,329,0.419,70,183,0.383,37,55,0.673,8,67,75,99,51,31,5,21,51,60,383,-35,678.5,2,0,2019-20,"Regular Season"
203998,"Bruno Caboclo",1610612763,MEM,24,19,5,14,0.263,186.72,28,66,0.424,4,23,0.174,2,3,0.667,16,26,42,10,7,10,12,4,21,6,62,-19,186.4,1,0,2019-20,"Regular Season"
203999,"Nikola Jokic",1610612743,DEN,24,30,21,9,0.7,937.442,209,431,0.485,38,124,0.306,73,89,0.82,67,234,301,203,76,30,18,12,91,130,529,178,1262.7,17,6,2019-20,"Regular Season"
204001,"Kristaps Porzingis",1610612742,DAL,24,29,19,10,0.655,911.7,180,450,0.4,61,182,0.335,85,118,0.72,54,223,277,42,45,17,61,18,86,84,506,141,1090.4,12,0,2019-20,"Regular Season"
204020,"Tyler Johnson",1610612756,PHX,27,22,8,14,0.364,403.255,47,123,0.382,19,61,0.311,20,26,0.769,8,35,43,43,20,8,7,7,33,23,133,-93,274.1,0,0,2019-20,"Regular Season"
204025,"Tim Frazier",1610612765,DET,29,18,6,12,0.333,225.253,23,63,0.365,10,23,0.435,17,20,0.85,5,13,18,65,16,10,2,1,27,24,73,-9,212.1,0,0,2019-20,"Regular Season"
204038,"Langston Galloway",1610612765,DET,28,32,12,20,0.375,844.778,116,269,0.431,71,174,0.408,53,59,0.898,13,56,69,45,23,21,8,8,39,43,356,-15,570.3,0,0,2019-20,"Regular Season"
204060,"Joe Ingles",1610612762,UTA,32,31,19,12,0.613,922.612,108,246,0.439,62,156,0.397,34,42,0.81,14,122,136,130,64,30,4,9,73,50,312,34,708.2,2,0,2019-20,"Regular Season"
204456,"T.J. McConnell",1610612754,IND,27,30,20,10,0.667,538.582,98,191,0.513,3,10,0.3,14,17,0.824,14,66,80,150,41,19,5,8,32,28,213,35,565,0,0,2019-20,"Regular Season"
2199,"Tyson Chandler",1610612745,HOU,37,21,13,8,0.619,177.778,13,17,0.765,0,0,0,5,9,0.556,21,35,56,6,7,5,7,1,25,15,31,36,136.2,0,0,2019-20,"Regular Season"
2544,"LeBron James",1610612747,LAL,34,30,24,6,0.8,1047.63,298,607,0.491,66,192,0.344,108,159,0.679,32,195,227,318,118,37,17,29,57,135,770,238,1563.4,23,7,2019-20,"Regular Season"
2546,"Carmelo Anthony",1610612757,POR,35,17,8,9,0.471,528.182,103,245,0.42,27,68,0.397,42,52,0.808,20,89,109,19,34,21,13,14,52,57,275,30,502.3,1,0,2019-20,"Regular Season"
2594,"Kyle Korver",1610612749,MIL,38,28,23,5,0.821,456.718,56,143,0.392,45,116,0.388,16,19,0.842,7,42,49,28,22,15,6,3,31,17,173,57,314.8,0,0,2019-20,"Regular Season"
2617,"Udonis Haslem",1610612748,MIA,39,2,2,0,1,10.8133,1,1,1,0,0,0,3,4,0.75,0,3,3,0,0,0,0,0,3,3,5,-7,8.6,0,0,2019-20,"Regular Season"
2730,"Dwight Howard",1610612747,LAL,34,31,24,7,0.774,609.22,86,114,0.754,1,3,0.333,35,76,0.461,70,146,216,23,40,12,40,5,110,94,208,80,617.7,2,0,2019-20,"Regular Season"
2772,"Trevor Ariza",1610612758,SAC,34,23,9,14,0.391,550.145,43,115,0.374,29,84,0.345,12,15,0.8,16,87,103,31,21,24,6,3,43,23,127,-60,366.1,0,0,2019-20,"Regular Season"
